CONTROLLER_FLAG,SL_PWM,U,SL_position,ARM_position,Sprung_acceleration_x
100,635.66,90.62,90.12,-0.06440,-0.20
100,604.09,89.79,90.25,-0.06440,-0.01
100,587.10,89.83,90.25,-0.06440,0.03
100,577.98,90.34,90.25,-0.06440,-0.05
100,581.22,90.33,90.25,-0.06440,0.03
100,577.21,89.92,90.25,-0.06440,-0.02
100,567.79,90.08,90.25,-0.06440,0.02
100,560.20,90.02,90.25,-0.06440,-0.04
100,555.81,90.21,90.25,-0.06440,0.11
100,543.20,89.72,90.24,-0.06440,-0.06
100,537.13,90.24,90.24,-0.06440,-0.02
100,535.96,90.20,90.24,-0.06440,-0.03
100,532.08,90.13,90.24,-0.06440,-0.03
100,506.46,89.29,90.23,-0.06440,0.22
100,496.77,88.62,90.06,-0.06440,0.43
100,556.26,88.82,89.71,-0.06440,-0.02
100,603.59,90.44,89.66,-0.06440,-0.09
100,627.38,90.34,89.68,-0.06440,-0.19
100,628.16,89.09,89.74,-0.06440,0.18
100,600.09,89.65,89.76,-0.06440,0.05
100,600.17,90.21,89.76,-0.06440,-0.02
100,620.43,90.52,89.76,-0.06440,-0.14
100,637.35,89.83,89.78,-0.06440,0.01
100,620.27,89.65,89.83,-0.06440,0.04
100,614.35,89.84,89.83,-0.06440,0.03
100,616.62,89.95,89.83,-0.06440,-0.00
100,622.25,90.01,89.83,-0.06440,-0.03
100,629.05,90.06,89.84,-0.06440,0.16
100,618.15,89.39,89.85,-0.06440,-0.09
100,622.00,90.25,89.85,-0.06440,0.07
100,625.21,89.84,89.85,-0.06440,-0.22
100,642.35,90.63,89.87,-0.06440,-0.22
100,591.58,89.87,90.06,-0.06440,0.02
100,580.86,90.14,90.09,-0.06440,-0.09
100,589.57,90.35,90.09,-0.06440,0.08
100,579.03,89.75,90.09,-0.06440,0.06
100,566.36,90.42,90.09,-0.06440,-0.10
100,578.00,89.85,90.09,-0.06440,0.07
100,571.89,90.67,90.09,-0.06440,-0.22
100,588.43,89.71,90.09,-0.06440,0.10
100,577.77,90.23,90.09,-0.06440,-0.10
100,580.36,89.94,90.09,-0.06440,0.04
100,577.75,90.21,90.09,-0.06440,-0.06
100,582.94,90.25,90.09,-0.06440,-0.00
100,585.14,90.00,90.09,-0.06440,-0.07
100,585.25,90.21,90.09,-0.06440,-0.12
100,594.11,90.43,90.09,-0.06440,0.00
100,597.64,89.98,90.09,-0.06440,-0.03
100,594.60,90.03,90.09,-0.06440,-0.05
100,596.92,90.22,90.09,-0.06440,-0.15
100,610.29,90.54,90.09,-0.06440,-0.15
100,607.73,89.88,90.09,-0.06440,0.03
100,607.83,90.17,90.09,-0.06440,-0.08
100,615.18,90.32,90.09,-0.06440,0.01
100,612.49,89.97,90.09,-0.06440,-0.12
100,620.49,90.37,90.10,-0.06440,-0.08
100,625.93,90.02,90.10,-0.06440,-0.02
100,619.56,90.10,90.11,-0.06440,-0.04
100,617.52,89.70,90.11,-0.06440,0.10
100,607.36,90.67,90.11,-0.06440,-0.19
100,624.82,90.29,90.12,-0.06440,-0.06
100,625.50,89.88,90.12,-0.06440,0.00
100,616.31,89.98,90.13,-0.06440,-0.00
100,612.23,90.10,90.13,-0.06440,-0.03
100,612.15,90.16,90.13,-0.06440,0.08
100,606.40,89.75,90.13,-0.06440,0.19
100,584.60,89.36,90.13,-0.06440,0.14
100,561.19,89.64,90.13,-0.06440,0.01
100,555.57,90.16,90.12,-0.06440,-0.02
100,557.77,90.19,90.12,-0.06440,-0.02
100,541.26,89.43,90.12,-0.06440,0.16
100,533.23,90.08,90.12,-0.06440,-0.03
100,521.53,89.72,90.12,-0.06440,0.13
100,506.85,89.60,90.11,-0.06440,0.08
100,508.24,89.83,90.06,-0.06440,-0.08
100,528.53,90.40,90.03,-0.06440,0.12
100,515.29,90.40,90.03,-0.06440,-0.14
100,528.58,90.12,90.03,-0.06440,-0.02
100,531.65,90.04,90.03,-0.06440,-0.03
100,530.37,89.79,90.03,-0.06440,0.05
100,524.88,90.27,90.03,-0.06440,-0.08
100,530.96,89.95,90.03,-0.06440,0.03
100,526.49,89.84,90.03,-0.06440,-0.16
100,528.98,90.57,90.03,-0.06440,-0.05
100,544.04,90.21,90.03,-0.06440,0.09
100,540.08,89.58,90.03,-0.06440,-0.05
100,533.24,90.12,90.03,-0.06440,0.06
100,532.48,89.92,90.03,-0.06440,-0.06
100,534.63,90.20,90.03,-0.06440,-0.06
100,523.17,89.43,90.03,-0.06440,0.17
100,519.88,90.22,90.03,-0.06440,-0.07
100,515.55,89.79,90.03,-0.06440,0.10
100,502.90,89.64,90.03,-0.06440,0.11
100,508.16,89.70,89.96,-0.06440,-0.12
100,556.97,90.52,89.87,-0.06440,0.11
100,552.74,89.67,89.87,-0.06440,0.03
100,546.92,89.52,89.87,-0.06440,0.14
100,534.59,89.91,89.87,-0.06440,0.04
100,536.47,89.94,89.87,-0.06440,0.04
100,540.24,90.12,89.87,-0.06440,-0.04
100,547.07,89.76,89.87,-0.06440,0.05
100,550.07,90.49,89.87,-0.06440,-0.17
100,574.46,90.55,89.87,-0.06440,-0.17
100,598.47,90.39,89.87,-0.06440,0.06
100,601.08,89.59,89.88,-0.06440,-0.06
100,598.61,90.09,89.88,-0.06440,0.32
100,585.59,88.99,89.88,-0.06440,-0.17
100,584.99,90.59,89.88,-0.06440,-0.17
100,597.85,89.98,89.88,-0.06440,0.06
100,607.53,90.24,89.88,-0.06440,-0.12
100,612.09,89.92,89.89,-0.06440,0.00
100,609.40,89.77,89.89,-0.06440,0.04
100,607.51,89.86,89.89,-0.06440,0.01
100,610.66,90.00,89.89,-0.06440,0.13
100,600.27,89.55,89.89,-0.06440,-0.11
100,614.66,90.34,89.89,-0.06440,0.14
100,603.22,90.72,89.89,-0.06440,-0.24
100,631.15,89.81,89.90,-0.06440,0.06
100,598.55,89.78,89.99,-0.06440,0.01
100,588.84,89.85,90.00,-0.06440,0.05
100,585.95,90.20,90.00,-0.06440,-0.04
100,593.51,90.17,90.00,-0.06440,0.01
100,597.10,89.91,90.00,-0.06440,0.01
100,593.88,89.92,90.00,-0.06440,0.07
100,588.95,89.79,90.00,-0.06440,0.11
100,579.19,89.68,90.00,-0.06440,0.01
100,573.97,90.04,90.00,-0.06440,0.01
100,573.12,89.91,90.00,-0.06440,0.05
100,576.16,90.21,90.00,-0.06440,-0.07
100,567.94,89.49,90.00,-0.06440,0.15
100,560.26,89.96,90.00,-0.06440,0.00
100,562.83,90.11,90.00,-0.06440,0.09
100,555.62,89.71,90.00,-0.06440,-0.03
100,555.55,90.07,90.00,-0.06440,-0.06
100,564.60,90.26,90.00,-0.06440,0.05
100,558.77,89.80,90.00,-0.06440,-0.09
100,567.28,90.05,90.00,-0.06440,-0.00
100,569.61,90.26,90.00,-0.06440,-0.09
100,578.05,89.86,90.00,-0.06440,0.03
100,575.80,90.37,90.00,-0.06440,-0.12
100,584.22,89.62,90.00,-0.06440,0.12
100,568.89,89.53,90.00,-0.06440,0.06
100,555.22,89.89,90.00,-0.06440,0.10
100,549.74,89.79,90.00,-0.06440,-0.12
100,551.87,90.45,90.00,-0.06440,-0.08
100,566.47,90.29,90.00,-0.06440,-0.08
100,564.29,89.55,90.00,-0.06440,0.10
100,555.84,90.01,90.00,-0.06440,-0.02
100,550.17,89.72,90.00,-0.06440,0.12
100,556.29,90.45,90.00,-0.06440,-0.12
100,555.50,89.72,90.00,-0.06440,0.10
100,541.08,89.58,90.00,-0.06440,-0.09
100,548.26,90.35,89.99,-0.06440,0.02
100,551.64,90.01,89.99,-0.06440,-0.10
100,560.35,90.26,89.99,-0.06440,0.01
100,559.85,89.95,89.99,-0.06440,-0.34
100,598.43,90.27,90.00,-0.06440,-0.09
100,607.70,89.71,90.00,-0.06440,0.01
100,602.13,91.09,90.00,-0.06440,-0.34
100,625.55,89.14,90.02,-0.06440,0.27
100,576.15,88.89,90.06,-0.06440,-0.16
100,550.54,90.78,90.06,-0.06440,0.02
100,571.66,90.22,90.06,-0.06440,0.09
100,568.49,89.53,90.06,-0.06440,-0.01
100,555.13,89.98,90.06,-0.06440,-0.01
100,554.11,90.11,90.06,-0.06440,0.01
100,560.00,90.35,90.06,-0.06440,-0.09
100,555.88,89.56,90.06,-0.06440,0.12
100,545.81,89.99,90.06,-0.06440,-0.01
100,544.26,90.04,90.06,-0.06440,0.02
100,541.39,89.96,90.06,-0.06440,-0.03
100,541.80,90.12,90.06,-0.06440,-0.06
100,547.20,90.23,90.06,-0.06440,-0.02
100,548.58,90.06,90.06,-0.06440,-0.09
100,555.34,90.27,90.06,-0.06440,0.05
100,547.82,89.82,90.06,-0.06440,-0.14
100,561.15,90.15,90.06,-0.06440,-0.03
100,564.28,89.99,90.06,-0.06440,-0.02
100,560.69,89.75,90.06,-0.06440,0.07
100,552.95,90.44,90.06,-0.06440,-0.12
100,567.90,90.48,90.06,-0.06440,-0.03
100,579.59,90.02,90.06,-0.06440,0.07
100,574.11,89.67,90.06,-0.06440,-0.16
100,571.28,90.58,90.06,-0.06440,-0.16
100,581.72,89.96,90.06,-0.06440,0.04
100,578.90,90.03,90.06,-0.06440,-0.04
100,578.72,90.08,90.06,-0.06440,-0.02
100,582.41,90.23,90.06,-0.06440,-0.06
100,584.44,90.02,90.06,-0.06440,-0.00
100,563.12,89.16,90.06,-0.06440,0.24
100,530.56,89.23,90.06,-0.06440,-0.04
100,530.70,90.38,90.06,-0.06440,-0.03
100,540.73,90.30,90.06,-0.06440,-0.04
100,541.93,90.04,90.06,-0.06440,0.00
100,536.74,89.90,90.06,-0.06440,0.11
100,521.86,89.64,90.06,-0.06440,0.09
100,512.15,89.76,90.05,-0.06440,0.11
100,507.03,90.12,90.03,-0.06440,-0.01
100,515.04,89.71,90.01,-0.06440,0.10
100,505.07,89.63,90.00,-0.06440,-0.01
100,515.92,90.11,89.93,-0.06440,0.06
100,547.55,89.86,89.85,-0.06440,-0.04
100,550.21,90.05,89.85,-0.06440,-0.04
100,553.11,89.66,89.85,-0.06440,0.09
100,546.43,89.70,89.85,-0.06440,0.07
100,544.40,89.95,89.85,-0.06440,0.02
100,545.57,89.80,89.85,-0.06440,0.07
100,547.30,89.99,89.85,-0.06440,-0.01
100,561.34,90.40,89.85,-0.06440,-0.12
100,581.20,90.35,89.85,-0.06440,-0.05
100,590.87,90.01,89.85,-0.06440,-0.05
100,597.53,90.03,89.85,-0.06440,-0.03
100,603.29,90.07,89.86,-0.06440,-0.03
100,609.85,90.06,89.86,-0.06440,0.05
100,608.39,89.78,89.87,-0.06440,-0.20
100,628.83,90.62,89.88,-0.06440,0.20
100,590.55,90.20,89.94,-0.06440,-0.11
100,599.65,89.68,89.94,-0.06440,0.13
100,590.57,89.85,89.94,-0.06440,0.03
100,587.75,89.93,89.94,-0.06440,-0.13
100,591.58,90.47,89.94,-0.06440,0.05
100,604.52,89.81,89.94,-0.06440,0.05
100,602.20,90.08,89.94,-0.06440,-0.06
100,602.76,89.68,89.94,-0.06440,0.10
100,601.68,90.34,89.94,-0.06440,-0.11
100,609.16,89.84,89.94,-0.06440,0.06
100,613.29,90.32,89.94,-0.06440,-0.12
100,616.51,89.90,89.95,-0.06440,0.03
100,606.61,89.67,89.96,-0.06440,0.07
100,597.86,89.77,89.96,-0.06440,-0.11
100,607.47,90.45,89.96,-0.06440,0.08
100,607.61,89.76,89.96,-0.06440,-0.01
100,604.25,89.91,89.96,-0.06440,0.08
100,597.89,89.77,89.96,-0.06440,-0.03
100,602.40,90.14,89.96,-0.06440,0.23
100,578.39,89.24,89.96,-0.06440,-0.10
100,589.87,90.21,89.96,-0.06440,-0.02
100,597.85,89.51,89.96,-0.06440,0.12
100,580.55,89.52,89.96,-0.06440,-0.12
100,569.42,90.51,89.96,-0.06440,0.10
100,584.76,89.77,89.96,-0.06440,0.10
100,579.82,90.03,89.96,-0.06440,-0.05
100,576.53,89.41,89.96,-0.06440,0.18
100,566.68,90.39,89.96,-0.06440,-0.11
100,580.37,90.19,89.96,-0.06440,-0.02
100,599.67,90.88,89.96,-0.06440,-0.29
100,604.96,89.15,89.96,-0.06440,0.22
100,582.31,89.59,89.96,-0.06440,0.06
100,576.47,89.99,89.96,-0.06440,-0.02
100,582.08,90.19,89.96,-0.06440,-0.00
100,586.05,90.00,89.96,-0.06440,-0.20
100,603.47,90.60,89.96,-0.06440,0.15
100,594.35,89.43,89.96,-0.06440,-0.05
100,592.23,90.03,89.96,-0.06440,0.05
100,591.74,89.94,89.96,-0.06440,-0.01
100,594.35,90.04,89.96,-0.06440,-0.07
100,603.92,89.75,89.96,-0.06440,0.06
100,595.55,89.55,89.96,-0.06440,0.12
100,580.17,89.67,89.96,-0.06440,0.04
100,570.58,89.97,89.96,-0.06440,0.04
100,572.54,90.28,89.96,-0.06440,-0.06
100,582.26,89.97,89.96,-0.06440,0.00
100,581.64,89.87,89.96,-0.06440,0.01
100,581.92,90.21,89.96,-0.06440,-0.07
100,586.53,89.85,89.96,-0.06440,0.05
100,584.06,89.96,89.96,-0.06440,-0.00
100,587.82,90.18,89.96,-0.06440,-0.05
100,597.82,90.27,89.96,-0.06440,-0.08
100,608.31,90.21,89.96,-0.06440,0.12
100,600.60,89.51,89.97,-0.06440,-0.04
100,597.34,90.08,89.97,-0.06440,0.07
100,596.01,89.87,89.97,-0.06440,-0.11
100,606.94,90.38,89.97,-0.06440,0.05
100,605.63,89.82,89.97,-0.06440,-0.08
100,611.57,90.18,89.97,-0.06440,0.08
100,604.52,89.74,89.97,-0.06440,0.02
100,601.11,90.46,89.97,-0.06440,-0.12
100,619.73,90.41,89.97,-0.06440,0.08
100,627.54,89.59,89.99,-0.06440,0.08
100,595.82,89.74,90.04,-0.06440,0.05
100,586.42,90.12,90.04,-0.06440,0.00
100,590.38,90.25,90.04,-0.06440,-0.04
100,596.66,90.10,90.04,-0.06440,-0.03
100,599.81,90.20,90.04,-0.06440,-0.08
100,600.83,89.83,90.04,-0.06440,0.04
100,598.20,90.19,90.04,-0.06440,-0.06
100,607.26,90.39,90.04,-0.06440,-0.10
100,619.01,90.31,90.05,-0.06440,0.06
100,612.24,89.70,90.06,-0.06440,-0.18
100,618.15,90.55,90.06,-0.06440,-0.03
100,622.11,90.20,90.08,-0.06440,-0.14
100,622.54,90.40,90.11,-0.06440,0.11
100,608.49,89.59,90.11,-0.06440,-0.00
100,600.66,89.99,90.11,-0.06440,-0.18
100,620.42,90.75,90.11,-0.06440,-0.08
100,627.79,90.32,90.12,-0.06440,-0.03
100,620.49,89.68,90.13,-0.06440,0.08
100,603.56,89.80,90.13,-0.06440,0.08
100,592.96,90.44,90.13,-0.06440,-0.09
100,602.20,89.72,90.13,-0.06440,0.11
100,589.31,90.19,90.13,-0.06440,-0.07
100,589.93,89.97,90.13,-0.06440,0.03
100,587.12,90.30,90.13,-0.06440,-0.09
100,593.49,90.28,90.13,-0.06440,-0.07
100,593.17,89.82,90.13,-0.06440,0.04
100,581.47,89.82,90.13,-0.06440,0.05
100,569.75,89.82,90.13,-0.06440,0.08
100,558.29,89.83,90.13,-0.06440,-0.08
100,558.33,90.37,90.13,-0.06440,0.12
100,551.00,89.64,90.13,-0.06440,-0.04
100,545.05,90.10,90.12,-0.06440,0.05
100,539.58,89.93,90.12,-0.06440,-0.11
100,546.11,90.42,90.12,-0.06440,-0.11
100,556.64,90.40,90.12,-0.06440,0.00
100,551.92,89.93,90.12,-0.06440,0.14
100,528.86,89.47,90.12,-0.06440,0.05
100,520.74,90.01,90.12,-0.06440,0.05
100,517.84,90.58,90.12,-0.06440,-0.15
100,535.15,90.38,90.12,-0.06440,-0.11
100,543.43,89.94,90.12,-0.06440,-0.02
100,536.06,89.82,90.12,-0.06440,0.03
100,528.77,90.33,90.12,-0.06440,-0.08
100,533.68,90.00,90.12,-0.06440,0.03
100,526.26,89.75,90.12,-0.06440,0.07
100,522.77,90.46,90.11,-0.06440,-0.12
100,523.98,89.67,90.11,-0.06440,0.12
100,505.57,89.53,90.11,-0.06440,-0.10
100,517.48,90.46,90.05,-0.06440,0.12
100,521.52,89.71,90.04,-0.06440,-0.05
100,517.71,90.10,90.04,-0.06440,0.01
100,517.39,90.00,90.04,-0.06440,-0.02
100,517.79,90.08,90.04,-0.06440,-0.04
100,521.17,90.15,90.04,-0.06440,-0.02
100,522.85,90.07,90.04,-0.06440,0.03
100,517.12,89.86,90.04,-0.06440,0.07
100,507.72,89.76,90.04,-0.06440,0.07
100,516.68,90.29,90.04,-0.06440,-0.07
100,526.50,89.58,90.04,-0.06440,0.11
100,510.32,90.22,90.04,-0.06440,-0.08
100,516.76,90.10,90.04,-0.06440,0.00
100,518.50,89.98,90.04,-0.06440,0.00
100,516.07,89.97,90.04,-0.06440,0.01
100,510.11,89.63,90.04,-0.06440,0.12
100,509.27,90.47,90.02,-0.06440,-0.13
100,520.26,89.76,90.01,-0.06440,0.10
100,516.09,90.11,90.01,-0.06440,-0.06
100,522.35,90.25,90.01,-0.06440,-0.05
100,529.34,90.14,90.01,-0.06440,0.02
100,528.35,89.86,90.01,-0.06440,0.11
100,517.05,89.62,90.01,-0.06440,0.06
100,508.72,89.84,90.01,-0.06440,-0.08
100,518.02,90.38,90.00,-0.06440,0.02
100,520.15,89.95,90.00,-0.06440,-0.15
100,531.93,90.40,90.00,-0.06440,0.04
100,529.28,89.85,90.00,-0.06440,0.04
100,546.36,90.55,90.00,-0.06440,-0.19
100,569.65,90.65,90.01,-0.06440,-0.03
100,569.39,89.70,90.01,-0.06440,0.04
100,558.89,90.27,90.01,-0.06440,-0.07
100,568.06,90.03,90.01,-0.06440,0.02
100,568.61,89.97,90.01,-0.06440,-0.00
100,567.98,90.05,90.01,-0.06440,-0.02
100,571.81,90.27,90.01,-0.06440,-0.08
100,570.10,89.34,90.01,-0.06440,0.19
100,551.46,89.86,90.01,-0.06440,0.03
100,548.93,90.06,90.01,-0.06440,0.05
100,547.70,89.87,90.01,-0.06440,-0.00
100,545.78,90.00,90.01,-0.06440,0.08
100,539.99,89.74,90.01,-0.06440,0.06
100,531.09,89.80,90.01,-0.06440,-0.03
100,532.10,90.16,90.01,-0.06440,0.13
100,523.20,89.61,90.01,-0.06440,-0.22
100,540.12,90.73,90.01,-0.06440,0.15
100,531.82,89.55,90.01,-0.06440,0.15
100,528.34,89.98,90.01,-0.06440,-0.04
100,520.26,89.76,90.01,-0.06440,0.10
100,510.25,89.71,90.00,-0.06440,0.03
100,508.42,90.75,90.00,-0.06440,-0.20
100,536.69,90.11,90.00,-0.06440,-0.04
100,540.35,90.00,90.00,-0.06440,-0.06
100,538.24,89.63,90.00,-0.06440,0.10
100,527.97,90.13,90.00,-0.06440,-0.03
100,532.68,90.12,90.00,-0.06440,-0.00
100,534.62,89.90,90.00,-0.06440,0.02
100,534.88,90.21,90.00,-0.06440,-0.07
100,543.51,90.25,90.00,-0.06440,-0.06
100,551.54,90.16,90.00,-0.06440,0.07
100,547.53,89.69,90.00,-0.06440,0.12
100,533.42,89.59,90.00,-0.06440,-0.08
100,535.52,90.37,90.00,-0.06440,-0.02
100,544.49,90.17,90.00,-0.06440,0.01
100,542.58,89.86,90.00,-0.06440,-0.09
100,547.87,90.24,90.00,-0.06440,-0.09
100,538.64,89.62,90.00,-0.06440,0.12
100,542.05,90.21,90.00,-0.06440,-0.07
100,553.69,90.32,90.00,-0.06440,0.17
100,533.16,89.37,90.00,-0.06440,-0.14
100,547.06,90.36,90.00,-0.06440,-0.07
100,560.26,90.19,90.00,-0.06440,-0.08
100,566.54,90.01,90.00,-0.06440,-0.03
100,563.18,89.39,90.00,-0.06440,0.17
100,546.11,90.23,90.00,-0.06440,-0.06
100,550.20,89.76,90.00,-0.06440,0.12
100,544.55,90.07,90.00,-0.06440,-0.03
100,547.87,90.13,90.00,-0.06440,0.10
100,545.23,89.64,90.00,-0.06440,-0.02
100,538.13,90.04,90.00,-0.06440,0.12
100,532.53,89.68,90.00,-0.06440,0.04
100,524.34,89.88,90.00,-0.06440,0.03
100,521.44,89.96,90.00,-0.06440,0.12
100,511.84,89.64,90.00,-0.06440,-0.00
100,509.38,90.03,90.00,-0.06440,-0.00
100,511.56,90.07,90.00,-0.06440,0.00
100,515.16,90.10,90.00,-0.06440,-0.03
100,518.32,90.08,90.00,-0.06440,0.12
100,505.02,89.58,90.00,-0.06440,-0.04
100,510.28,90.14,89.99,-0.06440,-0.04
100,519.61,89.98,89.99,-0.06440,-0.00
100,518.95,89.83,89.99,-0.06440,0.03
100,512.97,89.89,89.99,-0.06440,0.03
100,510.17,89.93,89.99,-0.06440,0.03
100,508.63,90.02,89.99,-0.06440,0.01
100,511.72,90.12,89.99,-0.06440,-0.03
100,510.10,89.53,89.99,-0.06440,0.13
100,499.57,89.52,89.96,-0.06440,0.08
100,546.29,89.84,89.76,-0.06440,-0.04
100,584.19,90.19,89.68,-0.06440,0.23
100,583.47,89.13,89.68,-0.06440,-0.03
100,579.41,89.94,89.68,-0.06440,0.04
100,588.82,89.92,89.68,-0.06440,-0.22
100,614.63,90.68,89.69,-0.06440,-0.22
100,618.59,89.61,89.71,-0.06440,0.08
100,623.13,89.96,89.71,-0.06440,-0.07
100,640.28,90.36,89.72,-0.06440,-0.11
100,629.26,90.31,89.84,-0.06440,0.01
100,590.14,89.78,89.96,-0.06440,0.04
100,582.51,89.76,89.96,-0.06440,-0.01
100,586.73,90.58,89.96,-0.06440,-0.15
100,608.37,89.45,89.96,-0.06440,0.15
100,591.11,89.99,89.96,-0.06440,-0.04
100,590.19,89.65,89.96,-0.06440,0.13
100,584.41,90.44,89.96,-0.06440,-0.12
100,597.76,89.90,89.96,-0.06440,0.04
100,593.68,89.74,89.96,-0.06440,-0.01
100,589.05,90.03,89.96,-0.06440,-0.01
100,592.52,90.09,89.96,-0.06440,0.01
100,594.71,89.93,89.96,-0.06440,-0.11
100,601.02,90.32,89.96,-0.06440,0.08
100,602.23,89.73,89.96,-0.06440,-0.12
100,607.05,90.33,89.96,-0.06440,-0.12
100,603.28,89.58,89.96,-0.06440,0.13
100,600.82,90.06,89.96,-0.06440,-0.04
100,598.18,89.82,89.96,-0.06440,0.08
100,590.22,89.73,89.96,-0.06440,0.01
100,589.09,89.98,89.96,-0.06440,-0.14
100,606.27,90.52,89.96,-0.06440,0.01
100,606.97,89.92,89.96,-0.06440,0.13
100,587.15,89.86,89.96,-0.06440,0.04
100,584.10,90.25,89.96,-0.06440,-0.03
100,594.92,90.17,89.96,-0.06440,-0.04
100,601.57,89.94,89.96,-0.06440,-0.01
100,601.48,90.04,89.96,-0.06440,-0.03
100,605.31,90.13,89.96,-0.06440,-0.04
100,611.39,90.11,89.96,-0.06440,-0.04
100,616.73,90.09,89.96,-0.06440,0.05
100,615.73,89.78,89.97,-0.06440,-0.02
100,613.39,90.06,89.97,-0.06440,0.08
100,610.62,89.78,89.97,-0.06440,-0.06
100,611.92,90.18,89.97,-0.06440,-0.06
100,626.34,90.55,89.97,-0.06440,-0.15
100,616.68,90.24,90.06,-0.06440,-0.09
100,607.37,90.44,90.12,-0.06440,-0.17
100,582.58,89.05,90.12,-0.06440,0.27
100,543.64,89.08,90.12,-0.06440,-0.14
100,556.44,90.80,90.12,-0.06440,0.11
100,553.61,89.91,90.12,-0.06440,0.03
100,540.32,89.75,90.12,-0.06440,0.09
100,526.34,90.17,90.11,-0.06440,-0.02
100,522.62,86.04,90.10,-0.06283,1.20
100,462.89,83.11,89.71,-0.06126,2.06
100,539.69,78.93,88.57,-0.05812,3.56
100,478.33,76.18,87.51,-0.05655,4.53
100,509.47,76.75,85.99,-0.05498,1.83
100,666.56,85.92,84.77,-0.05341,-0.90
100,643.19,94.14,85.41,-0.05341,2.00
100,506.16,81.78,86.30,-0.05498,2.74
100,312.13,77.83,86.08,-0.05655,-2.44
100,720.30,98.65,85.04,-0.05812,-2.44
100,810.79,124.01,86.66,-0.05969,-9.73
100,810.79,103.55,91.37,-0.06440,-5.33
100,-670.68,83.16,96.10,-0.07383,-0.68
100,-810.79,82.46,94.78,-0.08011,1.67
100,523.43,89.32,89.17,-0.07697,-6.22
100,810.79,115.08,87.03,-0.07854,-13.43
100,810.79,134.58,90.53,-0.07383,-10.47
100,810.79,117.14,97.76,-0.08011,3.00
100,-810.79,68.87,105.21,-0.08796,5.11
100,-810.79,51.24,104.44,-0.08954,15.18
100,-810.79,59.20,96.91,-0.07697,12.91
100,-302.34,128.98,84.85,-0.06440,-7.81
100,810.79,122.12,74.87,-0.05341,-8.44
100,810.79,75.57,72.65,-0.04398,-0.77
100,810.79,76.53,75.48,-0.03613,15.83
100,810.79,34.51,80.68,-0.02985,10.92
100,650.51,56.11,87.39,-0.02827,8.22
100,-810.79,75.74,91.11,-0.03142,4.32
100,-580.65,84.52,86.27,-0.03299,0.07
100,810.79,91.36,79.21,-0.03456,0.07
100,810.79,93.12,77.04,-0.03770,-2.00
100,810.79,93.27,79.24,-0.03770,-2.87
100,810.79,84.56,83.85,-0.03927,-0.19
100,42.94,82.11,89.79,-0.04398,1.18
100,-810.79,86.53,91.74,-0.05184,1.71
100,273.72,86.99,87.28,-0.06283,-1.46
100,810.79,96.26,84.45,-0.06440,-14.39
100,810.79,137.80,86.76,-0.06440,-11.30
100,810.79,71.42,92.82,-0.07383,1.56
100,-810.79,70.31,100.59,-0.08639,4.00
100,-810.79,105.22,102.53,-0.09111,-1.54
100,-810.79,113.61,97.31,-0.08954,-3.76
100,810.79,122.09,90.44,-0.08325,-9.73
100,810.79,115.91,89.86,-0.07226,-6.99
100,810.79,104.70,94.13,-0.07069,5.66
100,808.11,65.78,100.85,-0.07383,19.16
100,-810.79,30.00,105.00,-0.07226,19.16
100,-810.79,39.43,100.56,-0.06912,4.73
100,-810.79,96.35,90.27,-0.06754,4.73
100,810.79,120.41,77.57,-0.05341,-4.98
100,810.79,132.04,71.64,-0.03927,-14.51
100,810.79,54.52,71.48,-0.03142,5.23
100,810.79,30.00,74.75,-0.02513,15.93
100,810.79,40.44,80.10,-0.02356,8.03
100,-485.28,79.00,85.85,-0.02356,4.90
100,-565.95,83.95,85.28,-0.02670,5.63
100,406.11,70.71,80.43,-0.02985,1.14
100,810.79,87.28,77.34,-0.03299,0.59
100,810.79,89.72,79.04,-0.03927,-0.92
100,553.49,89.99,83.41,-0.04555,-1.14
100,-295.00,91.34,86.79,-0.05655,-1.22
100,-106.08,119.17,87.31,-0.06283,-9.04
100,810.79,118.53,87.55,-0.06597,-8.24
100,810.79,109.56,91.48,-0.07069,-2.28
100,-366.01,90.56,97.34,-0.08011,-2.24
100,-810.79,95.75,98.98,-0.08639,-3.49
100,196.55,105.98,94.43,-0.08168,-7.07
100,810.79,115.83,91.66,-0.07540,-7.07
100,810.79,104.78,94.32,-0.07540,-5.25
100,-360.78,72.05,100.15,-0.07854,3.74
100,-810.79,46.97,100.81,-0.07854,12.72
100,-810.79,41.44,93.84,-0.07069,17.42
100,-810.79,46.77,81.90,-0.05498,0.98
100,810.79,99.38,70.03,-0.04084,-2.62
100,810.79,102.89,65.70,-0.03142,-3.76
100,810.79,90.02,66.85,-0.02356,9.23
100,810.79,33.26,71.12,-0.01885,14.45
100,810.79,79.71,77.40,-0.01885,5.00
100,-519.12,87.98,83.42,-0.01885,3.76
100,-509.04,86.70,83.44,-0.02356,0.94
100,683.64,73.10,79.63,-0.02513,3.83
100,810.79,80.93,78.60,-0.02670,1.58
100,401.21,84.27,80.69,-0.02985,0.98
100,463.23,85.42,80.86,-0.03456,-0.90
100,810.79,90.91,80.59,-0.03927,-0.45
100,548.29,88.91,82.77,-0.05027,-1.27
100,298.70,90.99,84.35,-0.05655,-9.96
100,810.79,121.51,84.80,-0.05969,-9.96
100,810.79,116.17,87.90,-0.06597,-8.62
100,245.59,100.69,94.06,-0.07383,-5.90
100,-810.79,88.70,98.61,-0.08482,-1.45
100,-142.88,119.48,95.91,-0.08325,-8.52
100,810.79,122.45,93.26,-0.07854,-5.51
100,810.79,103.76,96.19,-0.08011,-5.26
100,-134.48,101.34,102.10,-0.08325,1.48
100,-810.79,84.74,103.78,-0.08482,9.28
100,-810.79,48.87,97.71,-0.07540,14.45
100,213.36,101.38,87.20,-0.06440,-0.12
100,810.79,101.23,79.55,-0.05341,-0.82
100,810.79,68.50,78.94,-0.04712,4.19
100,810.79,43.22,82.54,-0.04555,11.39
100,-501.05,54.14,87.78,-0.04241,7.85
100,-810.79,74.82,87.21,-0.04241,1.55
100,497.62,93.05,79.83,-0.04084,2.06
100,810.79,82.57,74.52,-0.03770,-3.33
100,810.79,93.81,74.61,-0.03456,2.57
100,810.79,75.57,77.95,-0.03142,3.38
100,746.78,72.78,83.17,-0.03142,3.38
100,-810.79,82.44,87.54,-0.03456,2.37
100,59.95,97.21,85.08,-0.04241,-1.21
100,810.79,111.55,82.37,-0.05027,-6.22
100,810.79,106.11,84.41,-0.05655,-8.08
100,810.79,108.62,89.84,-0.06283,-9.25
100,258.39,115.20,97.03,-0.07697,-2.58
100,-810.79,91.65,101.82,-0.09111,-1.14
100,-810.79,131.67,98.92,-0.09111,-11.19
100,810.79,129.51,93.92,-0.09111,-10.87
100,810.79,118.40,95.00,-0.08639,-10.93
100,810.79,60.39,100.87,-0.08482,6.23
100,-810.79,40.36,106.81,-0.09111,14.32
100,-810.79,57.40,104.80,-0.08796,13.80
100,-810.79,63.77,96.23,-0.07383,10.34
100,-281.55,66.97,82.74,-0.05812,-10.62
100,810.79,129.92,71.45,-0.04555,-10.41
100,810.79,121.72,67.90,-0.03456,-0.63
100,810.79,72.11,69.92,-0.02670,16.15
100,810.79,30.00,74.75,-0.02042,7.71
100,810.79,64.06,81.25,-0.02042,5.29
100,226.98,87.36,88.58,-0.02199,5.29
100,-810.79,93.37,92.48,-0.02670,0.72
100,41.17,86.63,88.40,-0.02985,-1.07
100,810.79,87.93,84.25,-0.03299,0.26
100,810.79,93.13,84.80,-0.03770,-1.65
100,810.79,93.21,88.26,-0.04398,-1.39
100,-130.20,88.59,91.79,-0.05184,0.01
100,-358.97,92.21,92.05,-0.06440,-0.70
100,458.37,134.00,90.69,-0.07069,-12.67
100,810.79,134.39,91.37,-0.07069,-13.49
100,810.79,95.69,95.93,-0.07854,-4.98
100,-462.01,97.60,103.23,-0.08954,1.60
100,-810.79,87.87,105.56,-0.09582,-5.24
100,-559.61,113.70,100.83,-0.09425,-7.42
100,810.79,120.91,95.29,-0.08482,-9.51
100,810.79,119.08,95.92,-0.07854,-5.00
100,810.79,100.35,100.90,-0.08011,9.03
100,-810.79,55.31,106.74,-0.08482,14.10
100,-810.79,46.67,104.47,-0.08482,15.79
100,-810.79,53.32,96.14,-0.07383,15.79
100,810.79,119.29,83.85,-0.05655,-3.61
100,810.79,98.23,76.81,-0.04712,-6.04
100,810.79,83.78,76.51,-0.04084,-1.99
100,810.79,43.91,80.05,-0.03770,11.47
100,810.79,62.16,85.63,-0.03613,8.30
100,-529.79,78.34,91.95,-0.03456,6.81
100,-810.79,92.97,91.89,-0.03770,1.60
100,810.79,97.01,85.91,-0.03927,-1.35
100,810.79,82.74,82.96,-0.04084,1.13
100,810.79,85.49,84.64,-0.04398,-0.17
100,540.69,89.66,88.71,-0.04869,1.11
100,-406.71,86.57,91.49,-0.05498,-3.92
100,-161.52,103.75,91.13,-0.06440,-0.96
100,523.13,94.08,89.75,-0.06754,-13.66
100,810.79,133.04,90.44,-0.06912,-6.33
100,810.79,108.80,94.90,-0.07540,-5.25
100,-683.41,98.24,101.62,-0.08639,-1.39
100,-810.79,92.63,102.35,-0.09111,-6.65
100,532.31,116.13,97.43,-0.08639,-6.65
100,810.79,120.38,95.32,-0.08168,-7.80
100,810.79,109.71,98.97,-0.08325,-7.50
100,100.38,76.86,105.56,-0.08639,3.30
100,-810.79,51.32,107.77,-0.09111,12.15
100,-810.79,40.04,102.32,-0.08325,18.21
100,-810.79,110.70,91.52,-0.06912,-1.29
100,810.79,137.22,80.00,-0.05341,-10.34
100,810.79,88.16,75.97,-0.04398,-2.51
100,810.79,54.50,77.51,-0.03927,4.89
100,810.79,61.68,81.95,-0.03456,6.95
100,810.79,73.74,88.14,-0.03299,5.82
100,-767.98,77.73,93.73,-0.03299,2.36
100,-810.79,86.75,92.09,-0.03770,1.15
100,810.79,89.18,85.76,-0.03927,1.45
100,810.79,84.49,83.08,-0.04084,1.00
100,810.79,83.99,84.70,-0.04241,-0.45
100,482.96,90.03,88.62,-0.04712,0.16
100,-312.01,89.22,91.08,-0.05498,-3.28
100,99.36,100.81,90.72,-0.06283,-4.36
100,810.79,101.97,90.04,-0.06597,-4.36
100,516.73,134.59,92.75,-0.06912,-14.28
100,737.21,92.41,97.07,-0.07854,-1.55
100,-810.79,91.83,101.83,-0.08639,-2.67
100,-789.12,107.76,99.83,-0.08796,-4.18
100,810.79,127.00,94.96,-0.08325,-9.68
100,810.79,112.51,94.87,-0.07854,-7.30
100,810.79,79.10,99.44,-0.07854,1.02
100,-810.79,47.61,104.87,-0.08482,12.00
100,-810.79,57.71,102.85,-0.08011,12.44
100,-810.79,65.37,94.27,-0.07069,12.93
100,463.14,58.04,81.15,-0.05498,-9.96
100,810.79,128.03,72.14,-0.04241,-9.40
100,810.79,121.00,70.36,-0.03456,-2.48
100,810.79,79.80,72.89,-0.02985,15.01
100,810.79,30.00,77.82,-0.02356,7.31
100,810.79,64.20,84.34,-0.02356,5.61
100,-618.64,85.84,90.84,-0.02513,1.40
100,-549.45,94.96,90.17,-0.02985,-1.49
100,810.79,86.85,85.61,-0.03142,0.14
100,810.79,85.86,84.78,-0.03456,-0.87
100,719.00,91.61,87.37,-0.03927,-0.87
100,48.40,87.69,89.90,-0.04398,0.71
100,45.84,91.15,89.60,-0.05184,-0.43
100,678.27,98.71,87.96,-0.06126,-2.48
100,810.79,125.88,89.05,-0.06440,-10.91
100,810.79,108.02,93.97,-0.07069,-6.38
100,-761.39,82.20,99.55,-0.08325,-0.07
100,-810.79,96.26,99.53,-0.08796,-2.23
100,772.93,126.99,94.13,-0.08639,-9.09
100,810.79,121.96,92.37,-0.08168,-11.58
100,810.79,120.88,96.24,-0.07854,-6.52
100,810.79,104.75,103.43,-0.08482,5.63
100,-810.79,67.46,109.09,-0.09268,16.19
100,-810.79,39.69,106.64,-0.08954,16.90
100,-810.79,48.06,97.85,-0.07697,-0.02
100,783.57,124.88,84.58,-0.06126,-7.07
100,810.79,99.86,75.79,-0.05027,-5.88
100,810.79,47.59,74.30,-0.03927,7.55
100,810.79,56.38,77.18,-0.03456,18.40
100,810.79,35.06,82.31,-0.02827,8.95
100,-810.79,68.42,87.89,-0.02827,4.25
100,-810.79,87.97,86.11,-0.03299,4.25
100,810.79,82.78,79.05,-0.03456,3.01
100,810.79,93.33,76.02,-0.03456,-2.42
100,810.79,86.52,77.25,-0.03613,-0.55
100,810.79,79.04,81.19,-0.03770,1.35
100,86.65,88.98,86.63,-0.04084,-0.58
100,-720.28,85.38,88.94,-0.04869,1.60
100,-7.10,84.64,85.99,-0.05812,-0.86
100,810.79,93.24,83.25,-0.05812,-13.02
100,810.79,133.30,85.56,-0.05812,-6.36
100,810.79,107.13,91.56,-0.06912,-0.75
100,-810.79,80.70,98.25,-0.08011,1.79
100,-810.79,81.05,98.18,-0.08482,-1.95
100,-16.54,117.02,92.11,-0.08011,-6.24
100,810.79,120.68,87.56,-0.07226,-9.90
100,810.79,95.73,89.27,-0.06754,-4.22
100,810.79,96.43,94.84,-0.06754,9.85
100,-569.85,57.45,101.64,-0.07226,19.16
100,-810.79,30.09,101.97,-0.06754,12.60
100,-810.79,62.17,94.90,-0.06597,12.60
100,-150.05,97.18,82.32,-0.05498,3.20
100,810.79,123.57,72.14,-0.04398,-8.63
100,810.79,104.79,69.37,-0.03142,-7.52
100,810.79,34.04,71.29,-0.02513,11.10
100,810.79,48.59,75.95,-0.01885,9.19
100,810.79,68.29,82.30,-0.01885,7.42
100,-810.79,73.67,87.93,-0.02199,0.86
100,-514.55,90.76,85.67,-0.02513,3.12
100,810.79,80.68,80.23,-0.02985,-0.97
100,810.79,89.71,78.79,-0.03456,-0.95
100,810.79,90.45,80.89,-0.03927,-2.09
100,810.79,89.84,85.56,-0.04712,-0.98
100,-412.17,99.56,89.94,-0.05969,-3.43
100,-296.37,125.59,90.90,-0.06754,-10.57
100,810.79,123.95,91.07,-0.06912,-10.83
100,810.79,117.90,94.33,-0.07697,-5.02
100,-57.53,99.80,101.06,-0.08482,-2.52
100,-810.79,96.25,104.52,-0.09425,-2.66
100,-567.45,103.05,101.00,-0.09111,-2.66
100,810.79,118.30,95.63,-0.08168,-7.13
100,810.79,107.01,95.61,-0.07854,-5.11
100,810.79,86.65,99.96,-0.07697,-0.45
100,-810.79,43.84,103.99,-0.08325,13.38
100,-810.79,49.16,100.14,-0.07540,14.28
100,-810.79,59.32,90.16,-0.06440,5.08
100,810.79,86.26,77.30,-0.04869,-9.09
100,810.79,125.08,71.08,-0.03770,-7.88
100,810.79,108.76,71.05,-0.02985,1.07
100,810.79,68.14,74.69,-0.02513,7.66
100,810.79,71.70,80.32,-0.02356,5.95
100,810.79,82.23,87.30,-0.02199,4.76
100,-810.79,85.14,93.21,-0.02670,2.85
100,-703.74,78.58,90.73,-0.02985,3.99
100,810.79,101.18,84.08,-0.03299,-3.14
100,810.79,100.32,81.14,-0.03770,0.65
100,810.79,81.40,82.88,-0.04241,-0.08
100,810.79,84.70,87.20,-0.05184,-1.88
100,-120.83,97.19,92.55,-0.06283,-3.52
100,-486.55,104.05,94.42,-0.07226,-3.52
100,467.54,132.22,94.00,-0.07540,-12.57
100,810.79,107.25,95.40,-0.07854,-6.04
100,161.24,114.75,100.46,-0.08482,-9.89
100,-809.58,103.25,104.30,-0.09111,-4.46
100,-607.43,90.18,102.10,-0.09111,-0.15
100,538.19,93.47,97.22,-0.08168,-3.44
100,810.79,106.37,95.64,-0.07540,-5.48
100,810.79,110.49,98.88,-0.07540,9.46
100,-810.79,56.14,102.39,-0.07854,14.04
100,-810.79,42.14,98.27,-0.07383,14.83
100,-810.79,118.95,88.38,-0.06283,-3.86
100,810.79,96.85,77.39,-0.05027,-0.13
100,810.79,87.69,73.65,-0.04084,-3.25
100,810.79,49.68,74.92,-0.03456,8.84
100,810.79,55.87,78.97,-0.02670,7.26
100,538.01,72.46,84.79,-0.02356,5.98
100,-810.79,77.14,88.27,-0.02513,2.52
100,-153.53,84.65,83.91,-0.02670,1.41
100,810.79,85.35,78.56,-0.02827,-0.22
100,810.79,87.37,77.94,-0.02985,-0.22
100,810.79,95.51,80.46,-0.03299,-2.86
100,810.79,85.82,85.28,-0.03770,0.08
100,-548.48,85.50,89.69,-0.04712,0.21
100,-442.21,86.06,88.50,-0.05812,1.24
100,638.48,87.18,84.83,-0.06126,-12.09
100,810.79,131.08,84.73,-0.06126,-14.54
100,810.79,136.59,89.44,-0.06597,-5.59
100,810.79,96.31,96.91,-0.07540,0.69
100,-810.79,76.47,103.54,-0.08796,1.31
100,-810.79,114.42,101.92,-0.08954,-4.17
100,396.51,127.23,94.89,-0.08482,-9.44
100,810.79,121.32,90.61,-0.07383,-10.74
100,810.79,83.96,92.51,-0.06912,-1.18
100,810.79,48.47,97.83,-0.07069,10.41
100,-810.79,61.25,102.11,-0.07226,14.50
100,-810.79,57.59,97.97,-0.06440,9.43
100,-695.97,70.30,87.71,-0.05969,-3.18
100,810.79,108.13,76.87,-0.04869,-13.85
100,810.79,135.60,73.17,-0.03927,1.12
100,810.79,72.74,74.72,-0.03299,1.12
100,810.79,41.89,78.77,-0.02670,8.90
100,810.79,73.40,84.65,-0.02513,4.96
100,-349.35,78.74,91.25,-0.02670,6.58
100,-810.79,87.74,92.01,-0.02985,2.17
100,462.50,85.22,86.39,-0.03456,-0.08
100,810.79,89.73,82.65,-0.03770,-0.81
100,810.79,91.08,83.82,-0.04241,-1.56
100,810.79,92.23,87.73,-0.05027,-0.20
100,-348.24,91.54,91.96,-0.06126,-0.77
100,-462.76,138.55,92.31,-0.06912,-14.01
100,810.79,136.25,91.39,-0.07069,-13.91
100,810.79,88.07,94.25,-0.07540,-2.98
100,-5.39,89.68,100.95,-0.08482,-2.73
100,-810.79,104.34,104.58,-0.09268,-3.49
100,-522.06,108.93,101.00,-0.08954,-5.40
100,810.79,109.90,96.05,-0.08168,-6.53
100,810.79,109.80,96.65,-0.07854,-2.06
100,614.20,94.00,101.51,-0.07854,9.50
100,-810.79,56.97,105.20,-0.08325,9.50
100,-810.79,41.12,101.46,-0.07854,16.15
100,-810.79,84.62,91.64,-0.06754,6.02
100,810.79,130.93,80.46,-0.05341,-7.75
100,810.79,105.69,76.41,-0.04398,-5.23
100,810.79,90.91,77.47,-0.03927,6.01
100,810.79,58.80,81.47,-0.03456,9.48
100,810.79,55.04,87.38,-0.03456,6.30
100,-585.01,76.06,93.75,-0.03613,3.03
100,-740.88,85.36,93.10,-0.03927,2.72
100,645.07,89.52,87.61,-0.04084,0.08
100,810.79,96.13,84.77,-0.04398,-2.14
100,810.79,95.38,86.36,-0.04712,-2.33
100,806.90,89.50,90.39,-0.05184,-0.82
100,-296.61,100.75,94.01,-0.05969,-3.60
100,-130.57,103.39,94.24,-0.06912,-0.36
100,375.05,90.26,93.16,-0.07226,-16.69
100,810.79,144.64,92.57,-0.07226,-6.13
100,810.79,110.19,95.54,-0.07854,-2.43
100,3.30,87.06,102.06,-0.08482,-1.97
100,-810.79,95.13,105.51,-0.09425,-1.97
100,-592.86,112.74,101.84,-0.09111,-4.59
100,810.79,129.92,96.81,-0.08325,-10.37
100,810.79,107.34,97.27,-0.08011,-5.91
100,795.89,80.60,101.91,-0.08011,0.54
100,-810.79,87.75,105.87,-0.08482,13.89
100,-810.79,51.46,102.06,-0.08011,15.38
100,-810.79,46.56,92.23,-0.06754,1.22
100,810.79,136.20,81.01,-0.05498,-10.75
100,810.79,95.16,76.94,-0.04398,-3.99
100,810.79,57.77,78.42,-0.03927,4.11
100,810.79,66.32,82.84,-0.03299,5.23
100,810.79,71.38,88.94,-0.03142,7.57
100,-658.95,90.65,94.76,-0.03299,2.03
100,-654.94,88.99,93.66,-0.03299,-0.47
100,810.79,92.09,88.26,-0.03613,-1.23
100,810.79,93.00,86.20,-0.03927,2.09
100,810.79,80.47,88.22,-0.04241,1.13
100,-26.15,84.50,91.54,-0.04712,2.57
100,-501.71,83.73,91.99,-0.05655,-0.46
100,-65.56,94.04,90.29,-0.06440,-0.46
100,810.79,118.64,88.51,-0.06597,-7.97
100,810.79,136.28,90.52,-0.06597,-14.36
100,810.79,92.89,96.22,-0.07540,-3.46
100,-810.79,91.41,102.81,-0.08796,1.03
100,-810.79,89.35,102.42,-0.09111,-2.74
100,165.34,105.67,96.41,-0.08639,-10.15
100,810.79,129.24,92.46,-0.07854,-11.15
100,810.79,99.30,94.27,-0.07383,-5.58
100,810.79,84.37,99.73,-0.07540,-0.40
100,-810.79,30.00,106.29,-0.08011,19.16
100,-810.79,38.11,105.93,-0.07854,18.53
100,-810.79,100.99,98.22,-0.07540,3.59
100,510.46,138.27,85.86,-0.06126,-9.58
100,810.79,115.92,76.75,-0.05027,-11.19
100,810.79,108.03,74.90,-0.03927,5.57
100,810.79,56.83,77.49,-0.03142,13.09
100,810.79,38.39,82.36,-0.02827,5.77
100,810.79,78.26,88.80,-0.02670,3.99
100,-439.04,89.94,94.94,-0.02985,2.44
100,-810.79,86.01,94.96,-0.03299,2.44
100,433.46,83.37,89.26,-0.03927,2.07
100,810.79,93.85,85.25,-0.04398,-1.01
100,810.79,97.84,86.12,-0.05027,-2.39
100,810.79,94.91,89.80,-0.05812,-1.31
100,-153.01,91.02,94.77,-0.06754,-6.79
100,-400.83,112.13,97.27,-0.07540,-10.71
100,624.15,125.53,97.53,-0.07854,-11.47
100,810.79,96.27,99.75,-0.08482,-3.92
100,-539.53,99.71,104.40,-0.09268,-4.20
100,-780.65,114.78,104.47,-0.09425,-6.04
100,806.95,122.30,100.81,-0.08954,-8.38
100,810.79,98.89,101.21,-0.08639,-3.10
100,-28.06,96.99,105.50,-0.08954,2.33
100,-810.79,85.43,106.98,-0.08954,11.52
100,-741.53,56.74,101.36,-0.08168,12.29
100,247.56,56.10,92.60,-0.07069,1.78
100,810.79,95.24,86.06,-0.06126,-1.38
100,810.79,101.97,85.64,-0.05498,3.50
100,810.79,73.90,89.22,-0.05498,3.50
100,-810.79,53.75,93.56,-0.05184,9.13
100,-810.79,72.63,90.29,-0.05027,6.40
100,810.79,95.93,82.02,-0.04869,1.27
100,810.79,88.84,78.31,-0.04241,-9.39
100,810.79,115.91,79.20,-0.03770,-2.05
100,810.79,90.63,82.94,-0.03142,-0.11
100,810.79,73.81,88.52,-0.02985,4.11
100,-789.58,78.05,94.15,-0.03142,4.62
100,-810.79,95.29,92.55,-0.03770,0.34
100,810.79,102.48,86.03,-0.04712,-2.60
100,810.79,105.00,83.43,-0.05341,-5.39
100,810.79,132.04,85.53,-0.05655,-14.37
100,810.79,131.58,91.17,-0.06283,-4.27
100,810.79,93.59,98.79,-0.07854,-0.88
100,-810.79,86.14,107.85,-0.09425,-0.89
100,-810.79,99.18,109.80,-0.10524,-7.21
100,-810.79,124.43,105.42,-0.10367,-11.76
100,810.79,134.19,98.76,-0.10210,-13.71
100,810.79,131.16,97.97,-0.08482,-13.71
100,810.79,111.27,101.84,-0.08168,-9.01
100,298.46,61.74,108.29,-0.08639,6.43
100,-810.79,30.00,110.79,-0.08325,19.16
100,-810.79,42.94,104.90,-0.07540,17.56
100,-810.79,55.58,93.37,-0.07069,4.71
100,810.79,150.00,78.53,-0.05498,-17.11
100,810.79,132.40,69.53,-0.03770,-15.50
100,810.79,62.10,67.84,-0.02199,0.33
100,810.79,30.00,70.08,-0.01257,12.44
100,810.79,68.09,74.90,-0.00785,7.22
100,810.79,72.99,81.26,-0.00785,8.85
100,810.79,80.75,88.37,-0.01100,3.98
100,-758.32,89.17,95.00,-0.01885,0.87
100,-810.79,88.98,94.31,-0.02670,0.78
100,759.44,88.10,88.28,-0.03770,0.90
100,810.79,86.63,85.27,-0.05027,-1.08
100,810.79,92.47,87.08,-0.05969,-11.67
100,810.79,128.57,92.37,-0.06754,-9.66
100,26.58,120.71,98.98,-0.07697,0.27
100,-810.79,81.03,102.35,-0.08796,-6.20
100,-478.12,107.53,99.12,-0.08796,-6.20
100,810.79,129.57,94.78,-0.08796,-9.77
100,810.79,140.03,96.46,-0.08482,-15.00
100,810.79,132.16,102.74,-0.08482,-8.52
100,424.11,75.28,111.00,-0.09425,3.03
100,-810.79,31.01,115.93,-0.10367,19.16
100,-810.79,67.00,112.37,-0.09739,11.77
100,-810.79,113.97,102.93,-0.08482,0.11
100,810.79,123.96,89.29,-0.07069,-7.10
100,810.79,110.25,80.87,-0.05498,-8.48
100,810.79,100.92,79.45,-0.04398,-7.48
100,810.79,30.00,82.08,-0.03927,14.85
100,810.79,36.70,86.97,-0.03456,9.30
100,-616.04,74.09,92.41,-0.03456,6.57
100,-810.79,82.89,91.33,-0.03770,3.87
100,666.82,81.12,84.83,-0.03927,-0.35
100,810.79,90.06,81.15,-0.04084,2.19
100,810.79,80.14,81.73,-0.04084,-2.81
100,810.79,95.53,85.18,-0.04398,-1.33
100,135.71,93.35,90.08,-0.04869,0.38
100,-693.73,86.07,92.06,-0.05498,-2.04
100,158.11,98.30,89.71,-0.06283,-2.04
100,810.79,135.82,88.00,-0.06440,-14.00
100,810.79,123.57,90.68,-0.06440,-11.09
100,810.79,76.47,96.47,-0.07540,0.67
100,-810.79,88.02,103.33,-0.08482,-0.92
100,-810.79,103.06,102.79,-0.09111,-1.20
100,162.96,124.24,96.54,-0.08796,-8.09
100,810.79,128.14,92.20,-0.08011,-11.48
100,810.79,106.22,94.17,-0.07383,-7.30
100,810.79,53.00,99.82,-0.07540,8.42
100,-810.79,62.46,104.36,-0.07854,16.32
100,-810.79,50.72,100.43,-0.07383,13.24
100,-810.79,59.28,90.27,-0.06126,3.15
100,810.79,90.98,77.64,-0.04869,-6.53
100,810.79,115.73,71.79,-0.03927,-7.01
100,810.79,105.04,71.95,-0.02985,4.24
100,810.79,60.03,75.63,-0.02513,7.75
100,810.79,53.68,81.23,-0.02199,7.19
100,368.92,69.78,88.20,-0.02199,5.01
100,-810.79,85.10,91.91,-0.02356,2.97
100,-226.23,81.50,87.64,-0.02670,2.97
100,810.79,95.78,81.65,-0.03142,-1.99
100,810.79,96.67,80.64,-0.03456,-2.56
100,810.79,88.84,83.42,-0.03927,-1.25
100,810.79,86.24,88.42,-0.04712,-0.21
100,-681.63,88.34,92.88,-0.05969,0.37
100,-58.99,116.77,91.20,-0.06754,-7.30
100,810.79,150.00,89.27,-0.06754,-18.54
100,810.79,116.01,92.11,-0.07226,-10.12
100,810.79,108.55,98.53,-0.07854,-3.45
100,-649.40,97.23,107.18,-0.09111,2.96
100,-810.79,82.51,109.57,-0.09896,2.80
100,-810.79,88.05,104.87,-0.09425,-2.24
100,760.44,107.35,95.93,-0.08482,-7.22
100,810.79,119.22,91.21,-0.07069,-7.79
100,810.79,112.59,92.44,-0.06597,4.18
100,810.79,68.00,96.93,-0.06440,19.16
100,-810.79,30.00,100.93,-0.05655,11.72
100,-810.79,109.55,96.79,-0.05655,0.77
100,810.79,96.26,87.26,-0.05655,0.77
100,810.79,90.95,80.91,-0.05027,-2.66
100,810.79,118.14,80.52,-0.04241,-10.59
100,810.79,73.30,83.70,-0.03927,3.33
100,810.79,62.05,88.92,-0.03456,5.84
100,-539.80,81.56,94.82,-0.03456,3.77
100,-810.79,76.65,93.94,-0.03770,6.75
100,706.86,98.75,87.21,-0.04084,-1.24
100,810.79,89.19,83.12,-0.04398,0.79
100,810.79,82.45,84.00,-0.04869,-2.64
100,810.79,95.91,87.89,-0.05498,-2.32
100,23.03,97.86,93.19,-0.06283,-1.20
100,-714.65,92.90,95.46,-0.07069,-5.44
100,238.45,107.94,93.26,-0.07226,-15.17
100,810.79,141.81,92.69,-0.07540,-9.82
100,810.79,118.84,97.12,-0.07697,-5.91
100,-178.25,98.50,104.52,-0.08954,-1.33
100,-810.79,90.83,107.98,-0.09425,5.14
100,-810.79,99.22,104.08,-0.09111,-0.24
100,471.90,99.21,95.69,-0.08011,-0.24
100,810.79,101.58,90.09,-0.06597,-3.45
100,810.79,84.08,90.86,-0.06283,0.84
100,810.79,51.98,95.23,-0.06283,10.47
100,-810.79,30.00,97.81,-0.05655,19.16
100,-810.79,81.18,92.35,-0.05498,6.74
100,712.85,104.91,81.59,-0.05027,0.38
100,810.79,126.12,74.12,-0.03927,-10.96
100,810.79,65.29,73.00,-0.03299,3.63
100,810.79,61.62,75.60,-0.02827,6.51
100,810.79,68.19,80.42,-0.02513,5.65
100,562.96,75.71,86.84,-0.02356,4.24
100,-810.79,79.75,90.78,-0.02670,3.16
100,-328.32,82.16,86.73,-0.02985,0.40
100,810.79,90.17,80.98,-0.03456,0.58
100,810.79,87.15,79.87,-0.04084,-1.53
100,810.79,91.14,82.38,-0.04712,-5.40
100,810.79,100.37,87.66,-0.05341,-4.03
100,-250.04,94.37,93.77,-0.06440,-2.56
100,-706.20,97.40,94.91,-0.07226,-9.46
100,428.02,122.97,92.07,-0.07383,-9.46
100,810.79,129.49,91.92,-0.07383,-12.01
100,810.79,117.63,96.72,-0.07854,-10.44
100,-139.47,97.74,104.57,-0.08639,-4.58
100,-810.79,81.41,108.24,-0.09425,2.18
100,-810.79,78.33,104.37,-0.08796,5.35
100,67.19,92.39,95.26,-0.07697,2.17
100,810.79,113.80,88.15,-0.06283,-5.06
100,810.79,90.85,87.30,-0.05812,-0.62
100,810.79,84.61,90.78,-0.05812,12.63
100,-215.55,46.10,96.17,-0.05498,14.72
100,-810.79,44.68,96.60,-0.05341,5.86
100,-810.79,84.91,89.46,-0.05341,0.03
100,810.79,102.64,79.72,-0.04555,-5.64
100,810.79,107.42,75.38,-0.03770,-4.58
100,810.79,95.19,76.31,-0.03142,6.41
100,810.79,56.94,80.05,-0.02513,3.17
100,810.79,74.12,85.61,-0.02042,6.43
100,-718.99,72.64,91.34,-0.02199,2.20
100,-810.79,86.89,90.06,-0.02670,2.20
100,810.79,88.31,82.98,-0.03142,1.46
100,810.79,92.91,79.34,-0.04084,-1.53
100,810.79,96.94,80.92,-0.04869,-3.35
100,810.79,124.44,86.13,-0.05341,-11.62
100,687.65,92.68,93.51,-0.06283,-2.16
100,-810.79,63.53,99.18,-0.07854,5.65
100,-810.79,109.90,97.48,-0.08168,-4.99
100,810.79,132.77,90.96,-0.08168,-9.70
100,810.79,119.46,88.63,-0.08168,-13.29
100,810.79,123.03,92.29,-0.07069,-10.77
100,810.79,118.05,99.32,-0.07383,9.62
100,-810.79,51.92,107.27,-0.08482,12.09
100,-810.79,49.93,107.67,-0.08796,15.29
100,-810.79,56.65,100.80,-0.07540,9.20
100,-810.79,77.32,89.07,-0.06440,-7.10
100,810.79,114.86,76.96,-0.05027,-7.72
100,810.79,65.48,72.37,-0.03770,2.41
100,810.79,68.14,73.48,-0.02985,12.29
100,810.79,48.99,77.66,-0.02199,7.57
100,810.79,68.23,83.47,-0.01885,7.57
100,-562.27,70.37,90.22,-0.02042,8.36
100,-810.79,87.56,90.26,-0.02199,2.30
100,591.71,89.37,83.66,-0.02513,1.20
100,810.79,89.19,79.26,-0.02985,-0.46
100,810.79,96.28,79.60,-0.03299,-3.24
100,810.79,92.46,82.99,-0.03613,-2.10
100,810.79,82.70,88.41,-0.04555,0.75
100,-810.79,85.75,92.95,-0.05969,-2.73
100,-111.51,101.78,90.73,-0.06597,-5.77
100,810.79,111.45,88.20,-0.06597,-17.39
100,810.79,145.38,90.53,-0.06912,-12.80
100,810.79,125.83,96.62,-0.07540,-2.43
100,-550.49,84.98,105.28,-0.08639,5.97
100,-810.79,65.11,108.41,-0.09582,-0.13
100,-810.79,108.58,104.27,-0.09268,-1.22
100,450.46,110.67,95.46,-0.08168,-5.21
100,810.79,103.62,89.71,-0.06754,-4.28
100,810.79,98.38,89.92,-0.06126,3.17
100,810.79,75.75,93.54,-0.05969,3.17
100,-70.98,30.00,98.78,-0.05341,18.90
100,-810.79,61.65,99.50,-0.05341,11.07
100,-810.79,103.42,92.57,-0.05498,1.94
100,810.79,96.31,82.10,-0.05027,0.55
100,810.79,119.21,77.29,-0.04241,-10.78
100,810.79,77.83,77.81,-0.03613,0.83
100,810.79,58.29,81.37,-0.02985,5.80
100,810.79,70.36,86.94,-0.02670,4.66
100,-703.91,81.83,92.39,-0.02670,4.87
100,-810.79,79.41,90.72,-0.02985,2.30
100,810.79,84.70,84.25,-0.03299,-2.78
100,810.79,100.29,81.16,-0.03770,-2.44
100,810.79,95.83,82.56,-0.04555,-2.67
100,810.79,92.63,87.02,-0.05341,-7.62
100,531.08,111.45,93.72,-0.06283,-4.55
100,-699.39,87.75,98.73,-0.07383,-0.29
100,-810.79,116.28,97.60,-0.08168,-7.74
100,810.79,119.22,93.38,-0.07854,-11.78
100,810.79,125.19,94.23,-0.07854,-11.78
100,810.79,122.17,99.61,-0.08168,-11.37
100,-302.33,85.06,107.65,-0.08954,-0.11
100,-810.79,69.48,110.19,-0.09425,5.94
100,-810.79,68.43,105.20,-0.08954,9.45
100,-482.04,93.15,95.28,-0.07697,2.98
100,810.79,112.05,85.48,-0.05812,-4.00
100,810.79,101.47,82.70,-0.05184,-4.18
100,810.79,51.18,84.50,-0.04712,8.65
100,810.79,55.75,88.91,-0.04241,15.67
100,-810.79,46.28,92.88,-0.04241,4.18
100,-810.79,86.95,89.02,-0.04241,4.29
100,810.79,86.13,81.03,-0.04241,1.52
100,810.79,83.16,77.37,-0.03927,-2.90
100,810.79,94.84,78.21,-0.03613,1.29
100,810.79,81.11,81.80,-0.03456,2.30
100,252.95,80.60,87.26,-0.03456,2.68
100,-810.79,87.76,89.84,-0.03613,1.50
100,163.35,87.08,85.89,-0.04084,-0.22
100,810.79,89.70,82.36,-0.04712,-3.43
100,810.79,99.25,83.79,-0.05027,-3.43
100,741.53,125.07,88.46,-0.05655,-11.18
100,246.84,105.98,93.90,-0.06440,-5.94
100,-593.64,71.35,96.66,-0.07540,3.25
100,-763.25,94.95,94.71,-0.07854,-1.76
100,810.79,136.20,89.93,-0.07854,-11.50
100,810.79,131.30,89.92,-0.07697,-12.36
100,810.79,101.13,94.81,-0.07069,-6.91
100,718.24,103.64,102.47,-0.08011,7.93
100,-810.79,64.34,108.35,-0.08796,16.34
100,-810.79,40.20,105.84,-0.08482,12.98
100,-810.79,61.46,97.07,-0.07383,2.26
100,717.09,100.66,83.74,-0.05655,-7.71
100,810.79,123.20,74.79,-0.04398,-9.38
100,810.79,71.43,72.94,-0.03299,0.49
100,810.79,30.00,75.58,-0.02513,17.33
100,810.79,70.83,80.48,-0.02042,6.32
100,810.79,81.43,86.87,-0.01885,7.24
100,-810.79,70.66,92.48,-0.02199,5.60
100,-810.79,72.48,90.20,-0.02513,2.20
100,668.12,85.85,82.06,-0.02827,0.25
100,810.79,90.17,76.65,-0.03142,0.25
100,810.79,89.84,76.27,-0.03456,-1.24
100,810.79,87.74,79.29,-0.03770,-1.14
100,810.79,89.14,84.50,-0.04398,-1.14
100,-120.17,87.92,90.91,-0.05655,0.01
100,-766.02,99.26,92.94,-0.06597,-2.73
100,810.79,135.95,90.25,-0.06754,-13.20
100,810.79,131.86,91.28,-0.07069,-6.50
100,810.79,100.09,96.45,-0.07540,-10.09
100,-154.10,114.97,104.44,-0.08639,-2.56
100,-810.79,100.06,108.42,-0.09425,4.44
100,-810.79,76.84,104.82,-0.09111,4.30
100,-35.36,118.22,96.29,-0.08325,-5.63
100,810.79,135.73,89.79,-0.06754,-12.36
100,810.79,84.67,89.60,-0.06126,-0.90
100,810.79,30.00,93.40,-0.05969,19.16
100,-810.79,30.00,98.59,-0.05498,19.16
100,-810.79,49.69,97.49,-0.05184,4.43
100,-810.79,94.91,89.36,-0.05498,-0.26
100,810.79,98.86,77.36,-0.04555,-9.39
100,810.79,113.60,71.32,-0.03456,-9.39
100,810.79,72.31,71.04,-0.02827,1.50
100,810.79,60.21,74.41,-0.02199,4.80
100,810.79,73.66,79.96,-0.01885,4.45
100,704.99,82.51,86.87,-0.01728,3.57
100,-810.79,75.39,91.64,-0.02199,5.15
100,-810.79,74.22,88.05,-0.02513,-0.13
100,810.79,93.60,80.41,-0.03142,-1.14
100,810.79,95.09,77.16,-0.03927,-2.64
100,810.79,93.41,79.08,-0.04398,-9.12
100,810.79,114.12,84.38,-0.04869,-7.52
100,810.79,110.08,91.78,-0.05812,0.66
100,-810.79,89.85,98.96,-0.07383,-0.84
100,-810.79,105.08,99.23,-0.08011,-2.58
100,423.25,138.96,93.59,-0.08168,-13.25
100,810.79,131.18,90.77,-0.08325,-13.13
100,810.79,121.85,94.12,-0.07540,-9.66
100,810.79,113.13,101.25,-0.07854,5.25
100,-200.84,69.05,109.75,-0.08796,16.71
100,-810.79,37.32,112.89,-0.09268,16.71
100,-810.79,55.88,108.17,-0.08796,15.01
100,-810.79,113.83,97.71,-0.07226,-0.44
100,810.79,106.42,84.33,-0.05655,-1.43
100,810.79,82.88,77.31,-0.04398,-0.36
100,810.79,73.31,76.67,-0.03770,1.84
100,810.79,35.39,79.59,-0.03142,15.02
100,92.30,40.93,84.56,-0.02985,7.44
100,-810.79,76.67,85.77,-0.02827,5.54
100,398.64,81.88,80.45,-0.02985,1.37
100,810.79,85.50,76.79,-0.02985,-2.25
100,810.79,84.42,77.36,-0.02985,0.01
100,810.79,81.79,80.76,-0.03299,0.68
100,80.72,88.03,85.75,-0.03613,0.01
100,-594.20,91.73,88.01,-0.04398,-0.31
100,80.01,93.01,86.21,-0.05341,-0.93
100,810.79,91.32,84.52,-0.05655,-16.87
100,810.79,144.38,87.02,-0.05655,-4.97
100,810.79,103.59,92.98,-0.06754,-6.87
100,-772.59,100.82,99.48,-0.07854,4.42
100,-810.79,73.80,100.04,-0.08325,-9.69
100,101.11,126.06,94.74,-0.08011,-9.69
100,810.79,118.70,90.71,-0.07383,-6.50
100,810.79,110.58,92.99,-0.06754,-8.25
100,680.58,70.36,98.73,-0.07069,3.61
100,-810.79,30.00,102.30,-0.07540,18.09
100,-810.79,40.37,97.73,-0.06912,19.16
100,-810.79,47.08,87.29,-0.05655,3.55
100,810.79,108.92,73.22,-0.04241,-3.88
100,810.79,86.61,64.87,-0.02985,-2.19
100,810.79,65.77,63.35,-0.01728,2.21
100,810.79,30.00,65.71,-0.00942,19.16
100,810.79,65.91,70.70,-0.00628,7.06
100,810.79,80.01,77.43,-0.00628,6.58
100,-339.82,91.87,84.06,-0.00785,0.07
100,-644.21,87.60,85.31,-0.01100,-0.61
100,586.66,88.08,81.56,-0.01728,-3.63
100,810.79,99.16,80.04,-0.02356,-0.20
100,810.79,87.14,82.46,-0.02985,1.19
100,91.93,80.85,86.81,-0.04084,-2.60
100,-427.39,97.84,88.81,-0.05498,-0.69
100,-104.84,93.99,88.53,-0.06283,-12.71
100,810.79,131.03,88.46,-0.06440,-12.71
100,810.79,115.14,91.98,-0.06912,-8.30
100,-0.33,107.63,98.25,-0.07854,-8.26
100,-810.79,112.88,102.30,-0.08482,-3.04
100,-228.75,100.11,100.05,-0.08325,-5.31
100,810.79,108.07,97.35,-0.07854,-1.67
100,488.67,102.30,99.04,-0.07854,-3.78
100,-108.22,98.42,101.23,-0.07854,-1.96
100,-371.98,57.78,101.12,-0.07540,9.97
100,-810.79,49.77,97.62,-0.07226,12.87
100,169.69,108.55,88.79,-0.06126,-2.01
100,810.79,103.55,82.15,-0.05341,-1.21
100,810.79,83.23,81.62,-0.04712,-0.30
100,810.79,82.67,85.02,-0.04398,11.75
100,733.09,49.17,90.42,-0.03927,7.18
100,-810.79,68.92,93.40,-0.03927,4.91
100,-728.76,84.95,88.20,-0.03927,1.72
100,810.79,89.88,80.39,-0.04084,-0.88
100,810.79,90.78,77.56,-0.03770,-2.51
100,810.79,92.80,79.34,-0.03770,-2.51
100,810.79,81.51,83.48,-0.03770,0.86
100,187.35,79.79,89.37,-0.04084,1.87
100,-810.79,87.65,92.00,-0.04712,0.99
100,177.69,89.80,88.01,-0.05812,-0.54
100,810.79,92.83,85.06,-0.05812,-12.32
100,810.79,130.35,87.16,-0.05812,-9.92
100,810.79,89.76,92.95,-0.06754,-3.24
100,-617.92,82.46,100.65,-0.07854,0.50
100,-810.79,103.99,102.99,-0.08796,-2.62
100,-648.17,118.21,98.22,-0.08639,-6.06
100,810.79,125.87,92.60,-0.08011,-10.61
100,810.79,108.89,93.10,-0.07069,-7.57
100,810.79,107.43,97.85,-0.07069,4.31
100,58.79,73.45,104.65,-0.07540,16.57
100,-810.79,36.55,106.96,-0.07540,15.45
100,-810.79,50.60,101.00,-0.06912,3.46
100,-810.79,98.19,89.45,-0.06283,-13.42
100,810.79,146.26,77.85,-0.04869,-13.50
100,810.79,127.58,73.58,-0.03770,0.15
100,810.79,66.82,74.75,-0.02827,0.15
100,810.79,30.00,78.60,-0.02199,13.52
100,810.79,69.55,84.31,-0.02042,7.06
100,810.79,80.85,91.28,-0.02199,7.23
100,-810.79,71.23,95.93,-0.02513,1.95
100,-810.79,85.80,92.18,-0.03142,-0.02
100,810.79,89.22,84.77,-0.03613,0.28
100,810.79,92.74,81.83,-0.04241,-2.01
100,810.79,108.33,83.66,-0.04712,-6.47
100,810.79,102.18,88.50,-0.05341,-4.65
100,546.54,96.07,95.26,-0.06440,-3.30
100,-810.79,88.61,100.01,-0.07383,0.03
100,-444.50,129.26,97.70,-0.08011,-10.85
100,810.79,129.65,94.32,-0.07854,-11.36
100,810.79,120.53,96.27,-0.08011,-11.27
100,810.79,119.55,102.58,-0.08482,-0.11
100,-810.79,86.70,110.54,-0.09268,6.39
100,-810.79,69.49,112.15,-0.09739,13.11
100,-810.79,56.64,106.53,-0.08954,7.07
100,-810.79,80.84,96.23,-0.07540,7.07
100,810.79,103.89,84.50,-0.05812,-0.24
100,810.79,102.05,79.44,-0.04712,-3.10
100,810.79,92.16,80.21,-0.04084,3.76
100,810.79,68.75,84.21,-0.03613,18.96
100,39.16,30.00,90.00,-0.03613,8.80
100,-810.79,84.27,91.69,-0.03456,6.89
100,-136.09,96.58,85.70,-0.03613,-0.02
100,810.79,85.18,79.45,-0.03613,0.65
100,810.79,83.53,78.29,-0.03613,-0.26
100,810.79,87.88,80.45,-0.03613,-0.64
100,810.79,87.49,84.98,-0.03770,0.14
100,-257.15,81.58,90.51,-0.03927,2.13
100,-810.79,83.47,90.99,-0.04555,-2.61
100,692.11,101.41,85.79,-0.05184,-1.70
100,810.79,96.15,83.53,-0.05184,-12.75
100,810.79,127.96,86.18,-0.05341,-3.38
100,810.79,96.44,91.97,-0.06126,2.76
100,-810.79,71.48,98.74,-0.07383,0.43
100,-810.79,89.68,99.60,-0.08325,0.43
100,-84.11,121.81,94.58,-0.08482,-6.68
100,810.79,138.79,90.48,-0.08482,-13.48
100,810.79,119.80,92.12,-0.07383,-11.22
100,810.79,115.08,98.04,-0.07383,-5.63
100,623.14,102.76,106.06,-0.08168,4.74
100,-810.79,73.15,110.78,-0.08796,17.58
100,-810.79,40.89,107.07,-0.08325,18.83
100,-810.79,99.10,97.12,-0.07226,3.55
100,810.79,135.86,83.22,-0.05498,-9.52
100,810.79,128.48,73.96,-0.04241,-13.60
100,810.79,68.84,71.74,-0.02985,0.11
100,810.79,30.00,73.58,-0.02199,19.16
100,810.79,30.00,78.05,-0.01885,5.07
100,810.79,91.93,84.17,-0.01571,4.86
100,-237.74,87.47,90.99,-0.02042,4.60
100,-810.79,72.18,92.29,-0.02356,2.96
100,-33.57,78.41,85.94,-0.02827,-0.82
100,810.79,95.24,79.54,-0.03299,-1.69
100,810.79,95.21,78.33,-0.03770,-5.73
100,810.79,103.35,81.16,-0.04241,-4.54
100,810.79,99.00,86.45,-0.04869,-4.54
100,444.95,92.90,93.77,-0.06126,-2.67
100,-810.79,96.60,98.40,-0.07226,-3.56
100,-201.65,112.41,96.11,-0.07854,-6.13
100,810.79,126.35,93.61,-0.07697,-11.13
100,810.79,129.63,96.33,-0.07854,-13.10
100,810.79,98.88,103.13,-0.08325,-4.71
100,-810.79,76.40,109.51,-0.09268,2.73
100,-810.79,70.58,108.20,-0.09111,7.58
100,-810.79,76.36,100.70,-0.08011,7.70
100,810.79,94.51,89.62,-0.06440,1.84
100,810.79,87.72,82.94,-0.05341,1.55
100,810.79,80.74,82.45,-0.04712,6.29
100,810.79,65.30,85.87,-0.04398,16.79
100,-801.36,33.61,90.82,-0.03927,6.54
100,-810.79,74.89,89.54,-0.04084,2.64
100,455.83,95.00,81.73,-0.04241,2.91
100,810.79,81.97,75.86,-0.03613,-4.93
100,810.79,99.68,75.59,-0.03142,1.14
100,810.79,80.49,78.65,-0.02670,1.14
100,810.79,71.23,83.61,-0.02356,3.35
100,-721.80,77.63,88.73,-0.02356,4.01
100,-562.37,80.05,86.62,-0.02670,1.75
100,810.79,92.22,81.17,-0.03299,-0.49
100,810.79,94.19,79.78,-0.03927,-2.16
100,810.79,95.93,82.30,-0.04555,-3.19
100,810.79,120.72,87.87,-0.05341,-10.33
100,-25.99,101.44,94.45,-0.06283,-4.30
100,-810.79,88.58,97.14,-0.07383,-1.32
100,82.61,120.95,94.13,-0.07540,-9.19
100,810.79,128.99,92.21,-0.07540,-10.85
100,810.79,120.35,95.54,-0.07540,-12.09
100,810.79,122.49,102.70,-0.08168,-0.02
100,-810.79,86.20,110.02,-0.09268,8.67
100,-810.79,60.91,109.94,-0.09268,12.90
100,-810.79,57.09,103.13,-0.08325,5.33
100,-407.76,87.75,91.82,-0.06912,-2.24
100,810.79,109.10,81.42,-0.05655,-9.90
100,810.79,121.67,78.37,-0.04241,2.64
100,810.79,69.91,80.27,-0.03613,2.64
100,810.79,30.00,84.57,-0.02827,19.16
100,-810.79,30.00,89.74,-0.02513,4.75
100,-733.20,89.11,87.65,-0.02670,4.78
100,810.79,77.97,81.64,-0.02827,2.48
100,810.79,79.34,79.68,-0.02827,1.39
100,810.79,87.28,81.78,-0.02985,0.12
100,185.72,87.00,85.66,-0.03299,0.65
100,-257.17,86.28,87.03,-0.03456,0.74
100,125.74,92.45,85.85,-0.03927,-0.91
100,810.79,94.56,84.24,-0.04555,-1.57
100,810.79,92.65,85.78,-0.05027,-6.27
100,345.19,108.21,89.17,-0.05655,-8.61
100,706.81,117.23,90.85,-0.06126,-6.35
100,582.61,106.76,93.95,-0.06754,1.29
100,-603.00,79.82,97.27,-0.07540,-3.06
100,-611.64,99.27,96.33,-0.08011,-7.44
100,810.79,120.93,93.05,-0.07697,-10.60
100,810.79,125.90,94.67,-0.07226,-3.52
100,497.63,94.97,100.15,-0.07697,-3.52
100,-810.79,43.54,103.84,-0.08011,11.83
100,-810.79,54.94,99.37,-0.07383,10.97
100,-810.79,54.62,89.33,-0.05969,14.35
100,810.79,104.02,76.42,-0.04869,-3.00
100,810.79,125.09,69.88,-0.03613,-10.10
100,810.79,105.02,69.58,-0.02670,-8.33
100,810.79,30.00,73.10,-0.01885,12.82
100,810.79,52.96,78.84,-0.01414,8.39
100,731.86,81.79,85.65,-0.01414,6.14
100,-810.79,80.38,90.73,-0.01728,5.64
100,-791.79,72.60,87.40,-0.02199,1.40
100,810.79,85.77,80.10,-0.02513,-0.09
100,810.79,90.75,76.79,-0.02827,-1.60
100,810.79,91.38,78.15,-0.03142,-0.48
100,810.79,85.97,82.13,-0.03456,-0.05
100,361.72,85.84,87.91,-0.04241,-0.18
100,-810.79,89.74,91.46,-0.05341,-0.33
100,-21.32,92.22,88.73,-0.05969,-12.33
100,810.79,132.16,86.76,-0.06126,-11.09
100,810.79,125.05,89.59,-0.06440,-11.09
100,810.79,106.75,95.92,-0.07069,-8.48
100,-428.34,87.88,104.03,-0.08325,0.38
100,-810.79,76.81,107.07,-0.09268,4.63
100,-810.79,102.24,103.02,-0.09111,-1.16
100,566.83,122.27,94.49,-0.08011,-7.03
100,810.79,132.10,89.34,-0.06597,-12.90
100,810.79,87.54,90.18,-0.05969,-2.14
100,810.79,38.56,94.55,-0.05969,12.13
100,-810.79,30.00,99.74,-0.05655,19.16
100,-810.79,60.64,97.62,-0.05027,14.29
100,-810.79,61.59,88.72,-0.05184,0.18
100,810.79,97.25,76.09,-0.04398,-9.11
100,810.79,121.26,69.06,-0.02985,-7.31
100,810.79,102.92,68.12,-0.02199,9.59
100,810.79,39.49,70.94,-0.01728,6.80
100,810.79,56.90,76.17,-0.01257,4.28
100,810.79,83.22,83.00,-0.01257,1.74
100,-153.15,90.13,90.20,-0.01885,0.86
100,-810.79,86.85,92.45,-0.02356,2.72
100,-32.28,81.34,87.21,-0.03142,2.72
100,810.79,90.44,81.43,-0.04084,0.19
100,810.79,94.48,81.10,-0.04712,-1.63
100,810.79,133.96,85.15,-0.05027,-14.07
100,810.79,109.33,91.87,-0.05969,-7.08
100,-615.41,73.07,99.13,-0.07383,1.90
100,-810.79,95.20,100.67,-0.08168,-1.95
100,-323.49,122.11,95.40,-0.08168,-6.85
100,810.79,140.74,90.47,-0.08482,-14.37
100,810.79,118.21,91.88,-0.07854,-10.80
100,810.79,113.64,97.85,-0.07226,-0.55
100,481.58,86.70,106.11,-0.08168,3.64
100,-810.79,78.68,110.82,-0.08796,19.16
100,-810.79,35.14,107.18,-0.08325,12.45
100,-810.79,61.10,97.48,-0.07226,-3.09
100,810.79,119.67,84.22,-0.05498,-13.37
100,810.79,142.13,76.66,-0.04241,-9.50
100,810.79,51.90,75.87,-0.03613,5.13
100,810.79,52.10,79.08,-0.02985,8.48
100,810.79,69.38,84.35,-0.02513,6.44
100,810.79,78.51,91.08,-0.02513,4.23
100,-810.79,81.85,96.73,-0.02827,4.23
100,-810.79,86.81,94.60,-0.03299,2.09
100,810.79,88.98,87.23,-0.03299,0.95
100,810.79,85.30,83.15,-0.03770,1.15
100,810.79,92.93,83.41,-0.04241,-1.65
100,810.79,93.45,86.56,-0.04712,-1.60
100,519.74,91.26,91.83,-0.05655,-1.11
100,-612.85,103.00,95.92,-0.06754,-4.12
100,-167.56,104.95,95.28,-0.07069,-10.88
100,810.79,125.65,94.15,-0.07226,-7.45
100,810.79,112.39,96.93,-0.07540,-10.40
100,122.29,118.33,102.79,-0.08325,-1.43
100,-810.79,92.30,106.64,-0.08954,-2.93
100,-708.33,99.56,103.17,-0.08639,-1.92
100,810.79,102.44,97.29,-0.07854,-4.33
100,810.79,107.69,96.37,-0.07226,-2.91
100,810.79,61.28,99.73,-0.07226,7.97
100,-810.79,32.08,102.78,-0.07383,17.85
100,-810.79,43.00,98.14,-0.06912,2.51
100,-810.79,100.17,88.03,-0.05812,2.51
100,810.79,134.73,76.28,-0.04398,-10.31
100,810.79,109.22,70.87,-0.03142,-8.76
100,810.79,52.50,71.13,-0.02356,4.83
100,810.79,46.41,74.70,-0.01885,9.29
100,810.79,75.45,80.37,-0.01728,5.88
100,810.79,99.45,87.36,-0.02042,-0.11
100,-726.92,84.41,94.24,-0.02356,2.28
100,-810.79,79.62,93.67,-0.02827,2.88
100,408.70,81.95,86.70,-0.03456,-1.42
100,810.79,97.35,81.45,-0.04241,-3.80
100,810.79,102.33,81.62,-0.04555,-6.39
100,810.79,105.98,85.59,-0.04869,-6.62
100,810.79,105.84,91.89,-0.05655,-1.27
100,-445.23,89.14,98.70,-0.06912,1.32
100,-810.79,83.76,100.02,-0.07854,-8.92
100,681.21,132.84,95.42,-0.07854,-11.26
100,810.79,127.68,93.94,-0.07854,-13.18
100,810.79,124.40,97.64,-0.07697,-7.90
100,810.79,110.01,104.87,-0.08325,-7.90
100,-810.79,71.78,113.22,-0.09582,4.85
100,-810.79,62.23,114.49,-0.09739,9.91
100,-810.79,60.45,108.65,-0.09268,13.42
100,-810.79,93.50,97.77,-0.07697,3.77
100,810.79,116.32,85.06,-0.06126,-4.64
100,810.79,114.73,79.08,-0.04712,-8.28
100,810.79,65.37,79.20,-0.03927,3.58
100,810.79,67.21,82.75,-0.03142,18.86
100,810.79,30.00,88.30,-0.02670,8.23
100,-810.79,69.48,92.38,-0.02985,3.04
100,-332.92,95.16,88.34,-0.03142,2.49
100,810.79,86.60,82.58,-0.03456,-0.96
100,810.79,88.77,81.59,-0.03456,-0.64
100,810.79,87.97,84.25,-0.03770,-1.54
100,435.10,86.53,89.00,-0.03927,0.57
100,-636.46,92.99,91.94,-0.04398,-1.03
100,-76.19,96.17,90.12,-0.05184,-1.43
100,810.79,94.18,87.64,-0.05655,-9.07
100,810.79,118.40,89.33,-0.05812,-8.84
100,528.30,117.77,94.22,-0.06440,-8.84
100,-412.09,75.09,98.57,-0.07540,2.62
100,-810.79,81.45,98.67,-0.08011,1.55
100,268.52,124.68,93.12,-0.08011,-8.00
100,810.79,140.54,89.65,-0.07854,-13.64
100,810.79,116.08,91.82,-0.06754,-10.40
100,810.79,63.82,97.80,-0.07069,3.82
100,-810.79,73.75,104.35,-0.07697,13.15
100,-810.79,58.06,103.15,-0.07697,13.12
100,-810.79,57.99,95.23,-0.06440,15.38
100,50.42,50.47,82.88,-0.05184,-9.64
100,810.79,130.98,72.51,-0.03770,-10.40
100,810.79,127.81,69.55,-0.02827,-1.40
100,810.79,33.04,71.25,-0.02356,11.32
100,810.79,68.10,75.74,-0.01728,5.98
100,810.79,85.12,82.06,-0.01571,4.79
100,745.91,74.45,89.26,-0.01728,5.90
100,-810.79,70.43,94.20,-0.02042,3.75
100,-810.79,81.27,90.49,-0.02513,-0.96
100,810.79,97.68,81.83,-0.02985,-0.67
100,810.79,91.19,76.92,-0.03456,-0.67
100,810.79,90.52,76.67,-0.03613,-2.28
100,810.79,105.60,79.79,-0.03770,-6.42
100,810.79,92.17,85.21,-0.04555,-2.04
100,807.82,79.77,92.29,-0.05655,1.33
100,-810.79,97.40,97.34,-0.06912,-2.20
100,152.33,123.44,95.32,-0.07540,-8.43
100,810.79,118.89,94.12,-0.07697,-6.29
100,810.79,104.15,97.87,-0.07854,-12.35
100,-16.10,126.23,104.10,-0.08482,-3.25
100,-810.79,100.89,107.39,-0.08796,8.60
100,-810.79,59.00,103.71,-0.08482,2.56
100,195.67,86.50,94.98,-0.07226,4.03
100,810.79,95.51,88.33,-0.05969,-0.57
100,810.79,83.02,87.63,-0.05341,1.66
100,810.79,45.23,90.78,-0.05498,12.41
100,-810.79,50.76,94.19,-0.05341,6.38
100,-810.79,81.42,90.33,-0.05341,2.15
100,741.06,92.72,81.45,-0.04712,-7.32
100,810.79,113.05,75.80,-0.03927,-7.32
100,810.79,91.09,75.46,-0.03456,-2.80
100,810.79,68.64,78.49,-0.03142,2.67
100,810.79,68.62,83.69,-0.02985,4.92
100,-279.67,80.07,89.89,-0.03456,4.05
100,-810.79,95.39,90.85,-0.03927,0.09
100,710.14,94.81,86.36,-0.04398,-0.65
100,810.79,89.54,84.51,-0.04712,-1.19
100,810.79,90.32,86.64,-0.05027,-4.59
100,358.27,103.63,90.92,-0.05184,-0.21
100,-226.21,89.80,92.90,-0.05498,0.98
100,-323.44,84.33,92.19,-0.05812,-0.60
100,245.35,93.26,90.28,-0.05812,-5.45
100,810.79,110.80,89.49,-0.05812,-1.68
100,582.82,73.19,92.61,-0.05969,3.47
100,-810.79,89.11,94.71,-0.06126,0.31
100,80.21,107.95,90.96,-0.05969,-3.54
100,810.79,102.84,88.13,-0.05655,-0.08
100,810.79,84.93,90.30,-0.05812,2.79
100,-186.15,77.20,94.71,-0.06126,2.79
100,-810.79,88.85,95.10,-0.06126,1.28
100,517.17,101.23,89.98,-0.05969,-1.68
100,810.79,98.32,87.50,-0.05655,-2.23
100,810.79,83.40,89.57,-0.05655,0.77
100,-374.01,71.21,93.80,-0.05969,4.76
100,-775.56,89.92,93.00,-0.05969,0.90
100,810.79,115.33,87.97,-0.05812,-5.65
100,810.79,108.78,87.32,-0.05498,-0.66
100,810.79,84.16,90.87,-0.05655,4.39
100,-622.79,69.72,95.82,-0.05969,1.29
100,-788.14,89.04,94.40,-0.06126,0.63
100,810.79,95.82,88.77,-0.05969,-5.82
100,810.79,111.40,87.31,-0.05655,-1.80
100,810.79,92.91,90.20,-0.05655,5.07
100,-563.14,84.74,94.84,-0.05969,1.58
100,-725.31,101.37,93.74,-0.06126,-1.01
100,810.79,96.36,88.83,-0.05812,-3.67
100,810.79,98.93,88.37,-0.05655,0.74
100,810.79,84.44,91.89,-0.05812,0.74
100,-708.64,77.70,95.70,-0.06126,3.21
100,-536.79,91.80,93.03,-0.06126,0.54
100,810.79,115.61,87.77,-0.05812,-6.18
100,810.79,95.46,87.37,-0.05498,-1.98
100,810.79,71.10,91.05,-0.05655,3.33
100,-696.19,83.00,95.22,-0.05969,1.65
100,-429.05,90.98,92.99,-0.06126,1.65
100,810.79,88.54,88.33,-0.05812,-6.30
100,810.79,111.27,87.77,-0.05655,-1.36
100,810.79,92.93,91.02,-0.05655,3.81
100,-731.82,71.35,95.36,-0.05969,1.00
100,-695.74,87.05,93.37,-0.06126,-0.20
100,810.79,97.46,87.95,-0.05812,-4.08
100,810.79,105.72,87.19,-0.05498,-2.13
100,810.79,63.78,90.70,-0.05655,6.22
100,-810.79,83.98,94.80,-0.05969,1.82
100,-555.72,92.15,91.75,-0.05969,-2.48
100,810.79,101.14,86.25,-0.05655,-3.22
100,810.79,98.46,85.76,-0.05341,-3.22
100,810.79,76.46,89.30,-0.05341,2.50
100,-694.78,68.85,93.83,-0.05812,5.55
100,-810.79,89.94,92.02,-0.05969,1.50
100,810.79,121.25,85.78,-0.05498,-7.31
100,810.79,102.04,84.08,-0.05184,-4.05
100,810.79,69.47,87.12,-0.05027,2.95
100,-111.44,66.30,92.34,-0.05498,5.64
100,-810.79,77.17,92.98,-0.05812,1.59
100,337.63,93.01,86.90,-0.05655,-5.48
100,810.79,111.75,82.85,-0.05184,-5.69
100,810.79,105.18,84.50,-0.04869,0.59
100,810.79,78.87,89.24,-0.05027,9.25
100,-810.79,53.39,94.19,-0.05498,1.60
100,-810.79,89.13,91.74,-0.05812,0.67
100,810.79,98.81,85.15,-0.05498,-7.50
100,810.79,95.50,83.31,-0.05027,-3.35
100,810.79,60.26,85.79,-0.04869,5.95
100,286.82,67.74,90.81,-0.05184,2.75
100,-810.79,89.46,92.92,-0.05498,2.75
100,0.37,93.57,88.26,-0.05655,1.11
100,810.79,109.24,83.96,-0.05341,-5.88
100,810.79,95.91,85.20,-0.05027,-3.09
100,810.79,65.95,89.82,-0.05184,4.95
100,-810.79,80.45,93.60,-0.05655,2.40
100,-207.49,98.76,89.87,-0.05812,-0.38
100,810.79,111.84,85.40,-0.05498,-5.44
100,810.79,91.37,86.30,-0.05184,-1.61
100,810.79,87.93,90.69,-0.05498,5.82
100,-810.79,69.18,95.15,-0.05812,2.04
100,-780.52,86.08,92.35,-0.05969,-2.54
100,810.79,105.72,86.23,-0.05655,-4.56
100,810.79,106.25,85.05,-0.05184,-3.83
100,810.79,96.58,88.11,-0.05184,6.19
100,-70.40,62.71,93.25,-0.05498,3.15
100,-810.79,78.49,94.18,-0.05812,-0.56
100,642.29,116.90,88.96,-0.05812,-6.60
100,810.79,108.29,86.76,-0.05498,-1.44
100,810.79,85.98,89.37,-0.05498,-1.44
100,754.94,65.80,94.42,-0.05812,5.74
100,-810.79,89.01,97.33,-0.06126,1.45
100,-166.11,103.72,92.84,-0.06283,-1.28
100,810.79,113.53,88.00,-0.05812,-6.40
100,810.79,92.28,88.69,-0.05655,-2.15
100,810.79,65.11,92.86,-0.05812,5.30
100,-810.79,88.18,96.59,-0.06126,0.74
100,-36.62,104.93,93.44,-0.06283,-1.83
100,810.79,98.89,90.00,-0.05969,-3.11
100,810.79,96.77,91.05,-0.05969,1.35
100,146.83,82.54,95.01,-0.06126,1.08
100,-768.59,86.07,96.40,-0.06440,0.55
100,122.53,92.46,92.62,-0.06283,-4.93
100,810.79,109.86,89.68,-0.05969,-0.66
100,810.79,91.60,91.38,-0.05969,3.28
100,-391.67,73.96,95.18,-0.06283,0.75
100,-565.44,88.05,94.29,-0.06283,-2.68
100,810.79,95.20,90.48,-0.06126,-0.97
100,810.79,89.54,90.39,-0.05969,-0.97
100,307.94,82.82,93.53,-0.06126,1.68
100,-652.60,88.27,95.15,-0.06283,1.02
100,-154.77,95.53,92.67,-0.06126,-0.51
100,810.79,95.07,89.63,-0.05969,-1.05
100,781.88,87.82,90.79,-0.05969,0.19
100,-244.71,78.63,93.30,-0.06126,2.99
100,-391.59,97.42,92.57,-0.06126,-1.68
100,543.31,94.11,89.97,-0.05969,-0.12
100,763.89,90.10,89.82,-0.05969,-0.43
100,128.30,89.91,91.82,-0.05969,1.64
100,-55.80,84.64,91.73,-0.05969,-1.26
100,271.32,95.25,90.54,-0.05969,0.04
100,687.43,91.50,89.58,-0.05969,-0.11
100,395.80,89.22,90.57,-0.05969,0.39
100,359.67,88.08,90.35,-0.05969,-0.04
100,565.98,90.52,89.66,-0.05969,-0.31
100,524.49,91.63,90.06,-0.05969,0.18
100,487.56,89.22,90.07,-0.05969,0.24
100,499.42,89.37,89.88,-0.05969,0.24
100,485.16,90.56,89.87,-0.05969,-0.07
100,511.79,90.62,89.87,-0.05969,-0.15
100,533.62,89.09,89.87,-0.05969,0.20
100,508.13,89.88,89.87,-0.05969,-0.03
100,509.83,90.08,89.87,-0.05969,0.02
100,517.47,90.07,89.87,-0.05969,-0.01
100,522.85,89.89,89.87,-0.05969,0.01
100,521.08,89.70,89.87,-0.05969,0.07
100,523.25,90.27,89.87,-0.05969,-0.09
100,539.19,90.31,89.87,-0.05969,0.07
100,542.10,89.64,89.88,-0.05969,0.03
100,535.78,89.77,89.88,-0.05969,0.05
100,533.95,89.87,89.88,-0.05969,0.06
100,532.51,89.82,89.88,-0.05969,-0.06
100,540.69,90.20,89.88,-0.05969,-0.09
100,555.19,90.27,89.88,-0.05969,-0.15
100,568.41,90.41,89.90,-0.05969,0.10
100,553.53,89.55,89.92,-0.05969,-0.10
100,562.10,90.21,89.92,-0.05969,-0.10
100,567.65,90.06,89.92,-0.05969,0.01
100,568.49,90.28,89.92,-0.05969,-0.10
100,578.92,89.56,89.92,-0.05969,0.12
100,563.86,89.83,89.93,-0.05969,0.03
