CONTROLLER_FLAG,SL_PWM,U,SL_position,SL_speed,ARM_position,Distance,Sprung_acceleration_x
100,200.00,90.00,89.46,0.00,-4.86000,0.00000,10.08
100,815.94,136.42,89.89,0.40,0.00000,18.85480,0.00
100,815.94,136.42,91.89,1.15,-0.09000,18.85480,0.22
100,815.94,136.42,94.52,2.98,-0.09000,19.81800,0.27
100,815.94,136.42,98.12,2.98,-0.18000,19.81800,0.27
100,815.94,136.42,102.53,4.18,-0.27000,18.56240,0.43
100,815.94,136.42,107.00,5.10,-0.45000,18.52800,0.30
100,815.94,136.42,112.11,5.71,-0.54000,19.47400,0.42
100,815.94,136.42,117.51,6.19,-0.81000,19.47400,1.32
100,815.94,136.42,122.92,6.19,-1.08000,1.50000,1.32
100,-815.94,136.42,128.88,6.57,-1.35000,18.82040,0.86
100,-815.94,136.42,131.21,6.06,-1.71000,19.50840,0.28
100,815.94,136.42,128.72,-1.14,-2.07000,19.50840,-0.15
100,815.94,136.42,127.59,-1.14,-2.43000,36.10640,-0.15
100,815.94,136.42,129.15,-1.54,-2.70000,19.81800,-0.47
100,815.94,136.42,132.17,2.37,-3.06000,19.50840,-0.57
100,-815.94,136.42,133.28,3.13,-3.33000,20.47160,-0.21
100,815.94,136.42,131.90,3.13,-3.51000,20.47160,-0.21
100,815.94,136.42,132.67,-1.36,-3.78000,20.14480,-0.71
100,-815.94,136.42,134.59,1.27,-3.96000,19.81800,-0.73
100,815.94,136.42,133.46,0.73,-4.05000,20.79840,-0.38
100,815.94,136.42,133.98,-0.31,-4.05000,20.79840,-1.52
100,-815.94,136.42,135.08,-0.31,-4.05000,4.57880,-1.52
100,815.94,136.42,134.22,0.99,-4.05000,20.79840,0.67
100,-815.94,136.42,135.62,-0.10,-4.05000,20.78120,0.21
100,815.94,136.42,134.91,0.37,-4.14000,20.83280,-0.21
100,-815.94,136.42,135.62,0.37,-4.14000,20.83280,-0.21
100,200.00,136.42,135.73,0.45,-4.14000,20.79840,0.29
100,200.00,136.42,135.66,0.03,-4.14000,20.66080,-0.46
100,200.00,136.42,135.65,-0.05,-4.14000,20.79840,0.19
100,200.00,136.42,135.70,0.07,-4.14000,20.79840,0.11
100,200.00,136.42,135.54,0.07,-4.14000,7.15880,0.11
100,200.00,136.42,135.46,-0.18,-4.14000,20.79840,-0.29
100,815.94,136.42,135.76,-0.08,-4.14000,20.79840,-0.01
100,200.00,136.42,136.57,0.97,-4.14000,20.78120,0.52
100,200.00,136.42,136.37,0.97,-4.14000,20.78120,0.52
100,815.94,136.42,135.88,-0.12,-4.14000,20.79840,-0.33
100,200.00,136.42,136.33,-0.43,-4.14000,20.76400,0.12
100,200.00,136.42,136.21,0.40,-4.14000,20.79840,-0.03
100,200.00,136.42,135.76,-0.43,-4.14000,20.79840,0.17
100,815.94,136.42,135.87,-0.43,-4.14000,6.23000,0.17
100,200.00,136.42,136.51,0.19,-4.14000,20.83280,-0.15
100,200.00,136.42,136.28,0.34,-4.14000,20.79840,-0.27
100,815.94,136.42,135.80,-0.45,-4.14000,20.74680,0.10
100,200.00,136.42,136.37,-0.45,-4.14000,20.74680,0.10
100,200.00,136.42,136.25,0.36,-4.14000,20.79840,0.23
100,200.00,136.42,135.80,-0.21,-4.14000,20.79840,-0.10
100,815.94,136.42,135.99,-0.49,-4.14000,20.78120,-0.14
100,200.00,136.42,136.49,0.81,-4.14000,20.78120,0.15
100,200.00,136.42,136.24,0.81,-4.14000,6.86640,0.15
100,815.94,136.42,135.78,-0.29,-4.14000,20.78120,0.21
100,200.00,136.42,136.40,-0.14,-4.14000,20.78120,-0.37
100,200.00,136.42,136.25,0.28,-4.14000,20.79840,-0.24
100,200.00,136.42,135.81,0.28,-4.14000,20.79840,-0.24
100,200.00,136.42,136.08,-0.47,-4.14000,20.79840,0.22
100,200.00,136.42,136.48,0.52,-4.14000,20.79840,0.28
100,200.00,136.42,136.20,-0.00,-4.14000,20.79840,-0.34
100,815.94,136.42,135.78,-0.53,-4.14000,20.79840,-0.04
100,200.00,136.42,136.42,-0.53,-4.14000,6.14400,-0.04
100,200.00,136.42,136.25,0.56,-4.14000,20.79840,0.32
100,200.00,136.42,135.78,-0.31,-4.14000,20.79840,0.14
100,200.00,136.42,136.16,-0.24,-4.14000,20.79840,-0.31
100,200.00,136.42,136.47,-0.24,-4.14000,20.79840,-0.31
100,200.00,136.42,136.17,0.56,-4.14000,20.79840,-0.20
100,815.94,136.42,135.80,-0.40,-4.14000,20.76400,0.25
100,200.00,136.42,136.43,0.22,-4.14000,20.79840,0.22
100,200.00,136.42,136.23,0.02,-4.14000,20.79840,-0.39
100,200.00,136.42,135.76,0.02,-4.14000,6.40200,-0.39
100,200.00,136.42,136.23,-0.53,-4.14000,20.78120,-0.02
100,200.00,136.42,136.45,0.73,-4.14000,20.79840,0.54
100,200.00,136.42,136.14,-0.20,-4.14000,20.78120,-0.05
100,815.94,136.42,135.82,-0.20,-4.14000,20.78120,-0.05
100,200.00,136.42,136.43,-0.37,-4.14000,20.79840,-0.21
100,200.00,136.42,136.22,0.51,-4.14000,20.74680,-0.11
100,200.00,136.42,135.73,-0.39,-4.14000,20.78120,0.28
100,200.00,136.42,136.29,0.15,-4.14000,20.78120,-0.09
100,200.00,136.42,136.44,0.15,-4.14000,6.10960,-0.09
100,200.00,136.42,136.10,0.23,-4.14000,20.79840,-0.45
100,815.94,136.42,135.88,-0.49,-4.14000,20.79840,0.11
100,200.00,136.42,136.43,0.49,-4.14000,20.78120,0.48
100,200.00,136.42,136.22,0.49,-4.14000,20.78120,0.48
100,200.00,136.42,135.71,-0.18,-4.14000,20.79840,-0.19
100,200.00,136.42,136.34,-0.46,-4.14000,20.71240,-0.18
100,200.00,136.42,136.41,0.71,-4.14000,20.83280,0.02
100,200.00,136.42,136.05,-0.31,-4.14000,20.83280,0.31
100,815.94,136.42,135.92,-0.31,-4.14000,6.71160,0.31
100,200.00,136.42,136.44,-0.06,-4.14000,20.79840,-0.30
100,200.00,136.42,136.19,0.27,-4.14000,20.79840,-0.39
100,815.94,136.42,135.70,-0.47,-4.14000,20.79840,0.25
100,200.00,136.42,136.37,-0.47,-4.14000,20.79840,0.25
100,200.00,136.42,136.39,0.47,-4.14000,20.79840,0.32
100,200.00,136.42,136.01,-0.08,-4.14000,20.78120,-0.33
100,815.94,136.42,135.98,-0.52,-4.14000,20.76400,-0.13
100,200.00,136.42,136.44,0.65,-4.14000,20.76400,0.35
100,200.00,136.42,136.18,0.65,-4.14000,7.22760,0.35
100,815.94,136.42,135.69,-0.29,-4.14000,20.79840,0.22
100,200.00,136.42,136.42,-0.18,-4.14000,20.74680,-0.39
100,200.00,136.42,136.37,0.48,-4.14000,20.79840,-0.20
100,200.00,136.42,135.99,0.48,-4.14000,20.79840,-0.20
100,815.94,136.42,136.04,-0.41,-4.14000,20.79840,0.32
100,200.00,136.42,136.43,0.32,-4.14000,20.79840,0.24
100,200.00,136.42,136.15,-0.01,-4.14000,20.79840,-0.40
100,815.94,138.21,136.00,-0.37,-4.14000,20.79840,0.07
100,815.94,138.21,137.66,-0.37,-4.14000,6.62560,0.07
100,-815.94,138.21,140.05,1.90,-4.23000,20.81560,0.32
100,-815.94,138.21,138.82,1.77,-4.32000,20.74680,0.46
100,815.94,138.21,135.82,-3.17,-4.23000,20.79840,-0.89
100,815.94,138.21,135.83,-3.17,-4.23000,20.79840,-0.89
100,815.94,138.21,138.33,-0.58,-4.32000,20.79840,0.74
100,-815.94,138.21,140.48,3.15,-4.32000,20.79840,-0.12
100,-639.05,138.21,138.25,0.29,-4.32000,20.79840,-0.01
100,815.94,138.21,135.72,-3.38,-4.32000,20.79840,-0.50
100,815.94,138.21,136.34,-3.38,-4.32000,5.59360,-0.50
100,200.00,138.21,139.10,0.60,-4.32000,20.76400,0.77
100,-815.94,138.21,140.23,3.27,-4.41000,20.78120,0.39
100,815.94,138.21,137.63,-1.55,-4.32000,20.48880,-0.59
100,815.94,138.21,136.11,-1.55,-4.32000,20.48880,-0.59
100,815.94,138.21,137.18,-2.11,-4.32000,20.79840,0.17
100,-815.94,138.21,139.80,1.67,-4.32000,20.79840,-0.12
100,-815.94,138.21,139.33,1.97,-4.41000,20.45440,-0.12
100,200.00,138.21,137.04,-2.49,-4.32000,20.45440,-0.42
100,815.94,138.21,136.64,-2.49,-4.32000,5.40440,-0.42
100,200.00,138.21,138.80,-0.45,-4.32000,20.74680,0.49
100,-815.94,138.21,139.85,2.63,-4.41000,20.47160,0.01
100,200.00,138.21,137.81,-1.23,-4.32000,20.79840,-0.37
100,815.94,138.21,136.49,-1.23,-4.32000,20.79840,-0.37
100,815.94,138.21,137.75,-1.64,-4.32000,20.79840,0.16
100,-815.94,138.21,139.75,1.84,-4.41000,20.47160,0.32
100,815.94,138.21,138.49,0.90,-4.32000,20.47160,-0.22
100,200.00,138.21,136.96,-2.09,-4.32000,20.47160,0.22
100,815.94,138.21,136.95,-2.09,-4.32000,5.37000,0.22
100,200.00,138.21,139.05,0.01,-4.32000,20.79840,0.16
100,-815.94,138.21,139.51,2.27,-4.41000,20.47160,-0.31
100,200.00,138.21,137.80,-1.37,-4.32000,20.47160,0.14
100,815.94,138.21,136.73,-1.37,-4.32000,20.47160,0.14
100,815.94,138.21,137.70,-1.29,-4.32000,20.78120,-0.14
100,200.00,138.21,139.33,1.50,-4.41000,21.76160,0.36
100,200.00,138.21,139.52,1.12,-4.41000,20.47160,-0.20
100,-815.94,138.21,139.33,-0.15,-4.41000,20.47160,0.04
100,200.00,138.21,137.90,-0.15,-4.32000,5.19800,0.04
100,815.94,138.21,136.71,-1.47,-4.32000,21.76160,-0.10
100,815.94,138.21,137.48,-0.92,-4.32000,20.45440,0.10
100,200.00,138.21,139.34,2.04,-4.41000,20.47160,0.28
100,-815.94,138.21,139.14,2.04,-4.41000,20.47160,0.28
100,200.00,138.21,137.23,0.11,-4.32000,20.47160,-0.08
100,815.94,138.21,136.65,-2.10,-4.32000,20.79840,-0.16
100,200.00,138.21,138.63,0.73,-4.32000,20.52320,0.37
100,-815.94,138.21,139.81,2.13,-4.41000,20.52320,-0.30
100,200.00,138.21,138.07,2.13,-4.32000,5.33560,-0.30
100,200.00,138.21,136.92,-1.74,-4.32000,20.47160,-0.15
100,815.94,138.21,137.21,-1.11,-4.32000,20.47160,0.12
100,200.00,138.21,139.09,1.78,-4.32000,20.47160,0.22
100,-815.94,138.21,139.53,1.78,-4.41000,20.47160,0.22
100,200.00,138.21,137.81,0.76,-4.32000,20.47160,-0.27
100,815.94,138.21,136.53,-1.98,-4.32000,20.47160,0.05
100,815.94,138.21,137.75,-0.40,-4.32000,20.47160,0.23
100,-815.94,138.21,139.73,2.38,-4.41000,20.47160,-0.15
100,815.94,138.21,138.68,2.38,-4.41000,5.40440,-0.15
100,200.00,138.21,137.66,-0.93,-4.32000,20.47160,0.00
100,200.00,138.21,136.92,-1.02,-4.32000,20.43720,-0.15
100,815.94,138.21,137.46,-0.29,-4.32000,20.79840,0.09
100,200.00,138.21,138.91,-0.29,-4.32000,20.79840,0.09
100,200.00,138.21,139.04,1.69,-4.41000,20.47160,0.02
100,815.94,138.21,138.75,0.03,-4.41000,20.42000,0.15
100,200.00,138.21,139.29,-0.01,-4.41000,20.47160,-0.24
100,200.00,138.21,139.22,0.26,-4.41000,20.47160,-0.20
100,200.00,138.21,138.97,0.26,-4.41000,6.69440,-0.20
100,193.03,138.21,138.81,-0.28,-4.41000,20.47160,0.25
100,200.00,138.21,138.72,-0.11,-4.41000,20.43720,0.10
100,200.00,138.21,138.58,-0.18,-4.41000,20.47160,-0.14
100,815.94,138.21,138.59,-0.18,-4.41000,20.47160,-0.14
100,200.00,138.21,138.50,0.00,-4.41000,20.47160,-0.05
100,200.00,138.21,138.47,-0.13,-4.32000,20.33400,-0.06
100,200.00,138.21,138.47,0.00,-4.32000,20.47160,-0.00
100,-346.97,138.21,138.49,0.09,-4.32000,20.47160,-0.08
100,200.00,138.21,138.20,0.09,-4.32000,6.14400,-0.08
100,200.00,138.21,138.16,-0.33,-4.32000,20.47160,0.18
100,815.94,138.21,138.20,-0.02,-4.32000,20.43720,-0.09
100,200.00,138.21,138.97,0.64,-4.41000,20.47160,0.01
100,200.00,138.21,138.81,0.64,-4.41000,20.47160,0.01
100,200.00,138.21,138.50,-0.05,-4.41000,20.47160,-0.15
100,200.00,138.21,138.07,-0.30,-4.32000,20.47160,-0.06
100,200.00,138.21,138.07,-0.36,-4.32000,20.47160,0.28
100,200.00,138.21,138.07,0.00,-4.32000,20.47160,-0.22
100,815.94,138.21,138.15,0.00,-4.32000,6.35040,-0.22
100,200.00,138.21,138.65,0.18,-4.32000,20.47160,-0.02
100,200.00,138.21,138.59,0.31,-4.32000,20.45440,-0.17
100,200.00,138.21,138.59,-0.02,-4.32000,20.38560,0.17
100,200.00,138.21,137.81,-0.02,-4.32000,20.38560,0.17
100,815.94,138.21,136.77,-0.72,-4.32000,20.47160,0.04
100,815.94,138.21,137.69,-0.94,-4.32000,20.38560,0.11
100,200.00,138.21,139.25,1.84,-4.41000,20.47160,-0.01
100,200.00,138.21,139.38,0.61,-4.41000,20.47160,-0.01
100,-815.94,138.21,139.11,0.61,-4.41000,6.72880,-0.01
100,200.00,138.21,137.03,-0.39,-4.32000,20.42000,-0.16
100,815.94,138.21,135.95,-2.56,-4.32000,20.47160,-0.15
100,815.94,138.21,137.50,0.57,-4.32000,20.42000,0.65
100,-815.94,138.21,140.08,0.57,-4.41000,20.42000,0.65
100,-815.94,138.21,139.13,2.91,-4.41000,20.47160,-0.05
100,815.94,138.21,136.13,-1.81,-4.32000,20.47160,-0.11
100,815.94,138.21,136.00,-2.32,-4.32000,20.47160,-0.16
100,815.94,138.21,138.36,2.02,-4.32000,20.47160,0.03
100,-815.94,138.21,140.31,2.02,-4.41000,3.95960,0.03
100,-815.94,89.10,138.05,2.07,-4.41000,20.47160,-0.08
100,-815.94,89.10,132.82,-3.71,-4.23000,20.40280,-0.13
100,815.94,89.10,125.47,-7.55,-3.87000,20.79840,-2.20
100,815.94,89.10,122.04,-5.20,-3.60000,20.79840,-2.97
100,-815.94,89.10,120.45,-5.20,-3.33000,4.83680,-2.97
100,-815.94,89.10,115.87,-2.09,-2.97000,20.50600,0.91
100,815.94,89.10,110.50,-6.26,-2.52000,19.50840,-0.63
100,815.94,89.10,109.61,-3.41,-2.16000,19.81800,-0.08
100,-815.94,89.10,108.91,-0.32,-2.16000,19.81800,3.60
100,815.94,89.10,104.99,-0.32,-1.98000,18.97520,3.60
100,815.94,89.10,102.20,-4.78,-1.62000,19.21600,-0.27
100,-815.94,89.10,102.81,-1.92,-1.62000,19.18160,-0.79
100,-815.94,89.10,101.37,0.05,-1.53000,19.50840,0.12
100,815.94,89.10,98.54,0.05,-1.26000,19.50840,0.12
100,-815.94,89.10,98.78,-3.24,-1.17000,19.81800,-0.43
100,-815.94,89.10,97.36,0.25,-1.17000,19.81800,1.33
100,815.94,89.10,96.09,-2.39,-1.08000,18.85480,-1.40
100,-815.94,89.10,96.29,0.30,-0.90000,18.85480,1.71
100,815.94,89.10,94.29,0.30,-0.90000,3.09960,1.71
100,-815.94,89.10,94.71,-2.01,-0.81000,18.85480,-1.81
100,815.94,89.10,93.44,0.35,-0.81000,18.85480,1.36
100,815.94,89.10,93.30,-1.39,-0.72000,19.16440,-0.57
100,815.94,89.10,92.77,-1.39,-0.72000,19.16440,-0.57
100,815.94,89.10,92.45,-0.35,-0.63000,19.16440,0.77
100,815.94,89.10,91.83,-0.25,-0.63000,19.18160,-0.10
100,815.94,89.10,91.86,-1.13,-0.54000,19.18160,-0.65
100,815.94,89.10,91.22,0.06,-0.54000,19.18160,0.82
100,546.72,89.10,91.36,0.06,-0.45000,4.64760,0.82
100,815.94,89.10,90.69,0.01,-0.45000,19.18160,0.27
100,815.94,89.10,90.62,-1.11,-0.45000,19.16440,-0.59
100,-815.94,89.10,90.68,0.72,-0.45000,19.18160,0.40
100,815.94,89.10,90.22,0.72,-0.45000,19.18160,0.40
100,-815.94,89.10,90.36,-0.73,-0.45000,19.16440,-0.28
100,815.94,89.10,90.17,-0.32,-0.36000,19.18160,-0.09
100,815.94,89.10,89.94,0.56,-0.36000,19.18160,0.11
100,200.00,89.10,89.92,-0.61,-0.36000,19.18160,0.07
100,200.00,89.10,89.94,-0.61,-0.36000,5.02600,0.07
100,200.00,89.10,89.94,0.07,-0.36000,19.50840,0.19
100,815.94,89.10,89.53,0.00,-0.36000,19.50840,0.00
100,200.00,89.10,89.48,-0.42,-0.36000,19.40520,0.15
100,200.00,89.10,89.47,-0.42,-0.36000,19.40520,0.15
100,815.94,89.10,89.49,-0.01,-0.36000,19.49120,-0.08
100,200.00,89.10,89.50,0.20,-0.36000,19.47400,0.17
100,200.00,89.10,88.95,-0.45,-0.36000,19.49120,-0.07
100,200.00,89.10,88.49,-0.61,-0.27000,19.49120,-0.28
100,815.94,89.10,88.84,-0.61,-0.27000,5.49040,-0.28
100,200.00,89.10,89.63,0.46,-0.27000,19.50840,0.32
100,200.00,89.10,89.44,0.47,-0.27000,19.49120,0.22
100,815.94,89.10,89.09,-0.35,-0.27000,19.50840,0.24
100,200.00,89.10,89.58,-0.35,-0.27000,19.50840,0.24
100,200.00,89.10,89.44,0.34,-0.27000,19.50840,-0.20
100,200.00,89.10,89.08,-0.21,-0.27000,19.50840,-0.01
100,200.00,89.10,89.21,-0.41,-0.27000,19.49120,-0.05
100,200.00,89.10,89.42,0.49,-0.27000,19.49120,-0.05
100,200.00,89.10,89.15,0.49,-0.27000,5.78280,-0.05
100,815.94,89.10,88.79,-0.32,-0.27000,19.49120,0.12
100,200.00,89.10,89.53,0.06,-0.27000,19.50840,0.04
100,200.00,89.10,89.43,0.33,-0.27000,19.50840,-0.17
100,200.00,89.10,89.08,0.33,-0.27000,19.50840,-0.17
100,200.00,89.10,89.27,-0.38,-0.27000,19.50840,0.05
100,200.00,89.10,89.40,0.33,-0.27000,19.47400,0.01
100,200.00,89.10,89.10,-0.15,-0.27000,19.54280,-0.04
100,815.94,89.10,88.82,-0.46,-0.27000,19.54280,-0.04
100,200.00,89.10,89.56,-0.46,-0.27000,4.57880,-0.04
100,200.00,89.10,89.43,0.72,-0.27000,19.50840,0.03
100,200.00,89.10,89.06,-0.25,-0.27000,19.49120,0.08
100,200.00,89.10,89.33,-0.20,-0.27000,19.49120,-0.20
100,200.00,89.10,89.39,-0.20,-0.27000,19.49120,-0.20
100,200.00,89.10,89.06,0.25,-0.27000,19.50840,-0.12
100,815.94,89.10,88.86,-0.42,-0.27000,19.42240,0.05
100,200.00,89.10,89.57,0.43,-0.27000,19.49120,0.18
100,200.00,89.10,89.41,0.06,-0.27000,19.49120,-0.23
100,200.00,89.10,89.03,0.06,-0.27000,5.19800,-0.23
100,200.00,89.10,89.37,-0.44,-0.27000,19.49120,-0.03
100,200.00,89.10,89.37,0.45,-0.27000,19.38800,0.19
100,200.00,89.10,89.04,-0.26,-0.27000,19.49120,-0.02
100,815.94,89.10,88.90,-0.26,-0.27000,19.49120,-0.02
100,200.00,89.10,89.57,-0.21,-0.27000,19.49120,-0.04
100,200.00,89.10,89.38,0.56,-0.27000,19.37080,-0.07
100,200.00,89.10,88.98,-0.32,-0.27000,19.49120,0.17
100,200.00,89.10,89.22,0.02,-0.27000,19.49120,0.17
100,200.00,89.10,89.02,0.02,-0.27000,5.57640,0.17
100,200.00,89.10,88.74,-0.21,-0.27000,19.49120,-0.14
100,815.94,89.10,89.05,-0.23,-0.27000,19.49120,-0.01
100,200.00,89.10,89.65,0.83,-0.27000,19.49120,0.10
100,200.00,89.10,89.44,0.83,-0.27000,19.49120,0.10
100,-187.38,89.10,89.00,-0.17,-0.27000,19.49120,-0.02
100,200.00,89.10,89.15,-0.48,-0.27000,19.49120,-0.15
100,200.00,89.10,88.97,0.15,-0.27000,19.37080,0.06
100,200.00,89.10,88.76,-0.28,-0.27000,19.37080,0.09
100,449.95,89.10,89.14,-0.28,-0.27000,5.42160,0.09
100,200.00,89.10,89.37,0.43,-0.27000,19.49120,0.09
100,200.00,89.10,89.06,0.01,-0.27000,19.49120,-0.27
100,815.94,89.10,88.67,-0.49,-0.27000,19.50840,-0.02
100,200.00,89.10,89.52,-0.49,-0.27000,19.50840,-0.02
100,200.00,89.10,89.57,0.70,-0.27000,19.49120,0.02
100,200.00,89.10,89.24,-0.05,-0.27000,19.45680,-0.08
100,815.94,89.10,88.85,-0.54,-0.27000,19.49120,-0.21
100,200.00,89.10,88.92,0.04,-0.27000,19.49120,-0.00
100,200.00,89.10,88.87,0.04,-0.27000,5.78280,-0.00
100,815.94,89.10,88.91,-0.06,-0.27000,19.50840,0.05
100,-815.94,64.55,89.13,0.29,-0.27000,19.50840,-0.06
100,-815.94,64.55,86.98,-1.09,-0.18000,19.43960,-0.43
100,815.94,64.55,82.67,-1.09,0.00000,19.43960,-0.43
100,815.94,64.55,81.45,-4.79,0.27000,18.51080,-2.25
100,-815.94,64.55,80.60,-0.81,0.54000,18.82040,-1.63
100,815.94,64.55,76.94,-2.84,0.81000,19.18160,1.20
100,815.94,64.55,75.36,-3.20,1.08000,19.18160,0.78
100,-815.94,64.55,76.19,-3.20,1.17000,4.87120,0.78
100,815.94,64.55,73.84,0.62,1.17000,18.52800,3.02
100,815.94,64.55,72.54,-3.01,1.26000,18.52800,-0.76
100,-815.94,64.55,72.87,0.30,1.26000,18.52800,0.67
100,815.94,64.55,70.71,0.30,1.35000,18.52800,0.67
100,-815.94,64.55,71.15,-2.14,1.44000,18.85480,-1.46
100,815.94,64.55,69.56,0.33,1.53000,18.85480,0.96
100,815.94,64.55,69.27,-1.84,1.53000,18.85480,-1.14
100,-815.94,64.55,68.99,0.28,1.62000,18.85480,1.61
100,815.94,64.55,68.00,0.28,1.62000,1.50000,1.61
100,-815.94,64.55,68.47,-0.90,1.62000,17.89160,-0.35
100,815.94,64.55,66.85,-0.74,1.71000,17.89160,0.04
100,-815.94,64.55,67.82,0.13,1.71000,17.89160,0.35
100,815.94,64.55,66.54,0.13,1.80000,17.89160,0.35
100,815.94,64.55,66.74,-1.03,1.80000,17.89160,-0.18
100,-815.94,64.55,66.61,0.67,1.80000,19.18160,0.14
100,815.94,64.55,66.08,-1.40,1.80000,19.18160,-0.64
100,-815.94,64.55,66.13,0.31,1.89000,19.18160,0.52
100,815.94,64.55,65.94,0.31,1.89000,18.16680,0.52
100,-556.79,64.55,65.74,-0.13,1.89000,18.21840,0.10
100,815.94,64.55,65.32,-0.87,1.89000,18.20120,-0.05
100,-815.94,64.55,65.94,0.82,1.89000,18.20120,0.13
100,815.94,64.55,64.75,0.82,1.98000,18.20120,0.13
100,200.00,64.55,64.86,-1.18,1.98000,18.20120,-0.63
100,200.00,64.55,64.81,0.07,1.98000,18.21840,0.05
100,815.94,64.55,64.82,-0.02,1.98000,18.14960,-0.09
100,-815.94,64.55,65.65,0.77,1.98000,18.14960,0.45
100,815.94,64.55,64.71,0.77,1.98000,4.54440,0.45
100,200.00,64.55,64.76,-0.78,1.98000,18.20120,-0.43
100,200.00,64.55,64.76,0.01,1.98000,18.09800,0.25
100,815.94,64.55,64.80,0.00,1.98000,18.20120,-0.09
100,-815.94,64.55,65.22,0.00,1.98000,18.20120,-0.09
100,200.00,64.55,64.75,0.36,1.98000,18.20120,-0.01
100,200.00,64.55,64.74,-0.39,1.98000,18.21840,0.25
100,200.00,64.55,64.74,-0.01,1.98000,18.20120,-0.24
100,698.24,64.55,65.06,0.14,1.98000,18.20120,0.20
100,815.94,64.55,64.64,0.14,1.98000,3.77040,0.20
100,200.00,64.55,64.61,-0.25,1.98000,18.20120,-0.14
100,200.00,64.55,64.61,0.00,1.98000,18.20120,0.16
100,815.94,64.55,64.61,0.00,1.98000,18.20120,-0.07
100,-815.94,64.55,65.24,0.00,1.98000,18.20120,-0.07
100,200.00,64.55,64.22,0.54,2.07000,18.20120,0.13
100,815.94,64.55,63.81,-1.08,2.07000,18.20120,0.09
100,200.00,64.55,65.22,0.30,2.07000,18.20120,0.14
100,815.94,64.55,64.61,0.56,2.07000,18.20120,-0.28
100,815.94,64.55,63.76,0.56,2.07000,2.20520,-0.28
100,815.94,64.55,64.82,-1.05,2.07000,18.20120,0.37
100,-815.94,64.55,65.04,1.60,1.98000,7.52000,0.26
100,815.94,64.55,63.82,-1.34,2.07000,18.20120,-0.43
100,815.94,64.55,64.37,-1.34,2.07000,18.20120,-0.43
100,-815.94,64.55,65.34,0.34,1.98000,18.20120,0.20
100,200.00,64.55,64.09,0.34,2.07000,18.28720,-0.47
100,815.94,64.55,64.05,-0.90,2.07000,18.21840,0.41
100,-815.94,64.55,65.52,1.46,2.07000,18.21840,0.02
100,815.94,64.55,64.26,1.46,2.07000,4.49280,0.02
100,815.94,64.55,63.84,-1.07,2.07000,18.20120,-0.46
100,200.00,64.55,65.08,-0.06,2.07000,18.20120,-0.06
100,815.94,64.55,64.73,1.08,2.07000,18.20120,0.10
100,200.00,64.55,63.93,1.08,2.07000,18.20120,0.10
100,815.94,64.55,64.37,-1.21,2.07000,18.21840,0.45
100,-815.94,64.55,65.35,0.94,2.07000,18.30440,-0.26
100,200.00,64.55,64.08,-0.49,2.07000,18.28720,-0.27
100,815.94,64.55,64.06,-0.45,2.07000,18.28720,0.17
100,-815.94,64.55,65.50,-0.45,2.07000,3.52960,0.17
100,815.94,64.55,64.30,1.33,2.07000,18.20120,0.12
100,200.00,64.55,63.90,-1.19,2.07000,18.21840,0.28
100,815.94,64.55,64.50,-0.07,2.07000,18.20120,-0.40
100,-815.94,64.55,65.31,-0.07,2.07000,18.20120,-0.40
100,200.00,64.55,64.18,1.03,2.07000,18.20120,0.24
100,815.94,64.55,63.88,-1.12,2.07000,18.14960,0.36
100,200.00,64.55,65.29,0.43,2.07000,18.35600,-0.08
100,815.94,64.55,64.55,0.30,2.07000,18.35600,0.01
100,200.00,64.55,64.13,0.30,2.07000,4.02840,0.01
100,815.94,64.55,63.90,-0.65,2.07000,18.20120,0.49
100,200.00,64.55,65.29,0.19,2.07000,18.20120,0.03
100,815.94,64.55,64.56,0.70,2.07000,18.33880,-0.01
100,200.00,64.55,64.37,0.70,2.07000,18.33880,-0.01
100,200.00,64.55,64.28,-0.60,2.07000,18.20120,0.52
100,200.00,64.55,64.10,-0.12,2.07000,18.13240,-0.37
100,200.00,64.55,64.86,0.06,2.07000,18.20120,0.18
100,815.94,64.55,64.86,0.67,2.07000,18.20120,-0.12
100,200.00,64.55,64.77,0.67,2.07000,3.65000,-0.12
100,200.00,64.55,64.77,-0.23,2.07000,18.20120,0.28
100,200.00,64.55,64.77,0.00,2.07000,18.09800,-0.16
100,200.00,64.55,65.12,0.33,2.07000,18.20120,0.05
100,200.00,64.55,64.76,0.33,2.07000,18.20120,0.05
100,200.00,64.55,64.37,-0.33,2.07000,19.50840,-0.06
100,815.94,64.55,64.30,-0.44,2.07000,19.45680,-0.06
100,-815.94,64.55,65.22,0.63,2.07000,19.50840,0.10
100,200.00,64.55,64.32,-0.49,2.07000,19.50840,-0.29
100,815.94,64.55,63.81,-0.49,2.07000,4.56160,-0.29
100,200.00,64.55,65.08,-0.50,2.07000,19.50840,0.04
100,815.94,64.55,64.67,1.50,2.07000,19.50840,0.19
100,815.94,64.55,63.82,-1.37,2.07000,19.50840,-0.15
100,815.94,64.55,64.66,-1.37,2.07000,19.50840,-0.15
100,-815.94,52.27,65.00,0.67,2.07000,19.56000,-0.09
100,815.94,52.27,61.72,-0.42,2.16000,19.49120,-0.42
100,815.94,52.27,60.54,-3.43,2.25000,18.52800,-0.78
100,-815.94,52.27,61.47,0.90,2.25000,18.52800,0.39
100,815.94,52.27,59.13,0.90,2.34000,3.80480,0.39
100,815.94,52.27,58.18,-2.45,2.43000,18.52800,-0.31
100,-815.94,52.27,58.76,-0.09,2.52000,18.85480,0.04
100,815.94,52.27,56.87,-1.22,2.52000,18.85480,-0.52
100,-815.94,52.27,57.25,-1.22,2.61000,18.85480,-0.52
100,815.94,52.27,56.05,-0.03,2.61000,18.85480,0.61
100,-815.94,52.27,56.37,-1.32,2.70000,17.89160,-0.07
100,815.94,52.27,55.14,0.18,2.70000,17.87440,0.97
100,299.07,52.27,55.40,-0.81,2.70000,17.87440,-0.43
100,815.94,52.27,54.73,-0.81,2.70000,2.65240,-0.43
100,815.94,52.27,54.43,-0.59,2.79000,17.89160,-0.46
100,-815.94,52.27,54.43,0.42,2.79000,17.89160,0.32
100,815.94,52.27,53.87,-1.16,2.79000,17.87440,-0.60
100,-815.94,52.27,54.12,-1.16,2.79000,17.87440,-0.60
100,815.94,52.27,53.51,0.33,2.79000,17.87440,0.97
100,-815.94,52.27,53.85,-0.11,2.79000,17.89160,-0.16
100,815.94,52.27,53.01,-0.84,2.88000,17.89160,-0.17
100,-815.94,52.27,53.85,0.82,2.88000,17.89160,0.08
100,815.94,52.27,52.84,0.82,2.88000,3.71880,0.08
100,-815.94,52.27,53.52,-1.21,2.88000,17.87440,-0.58
100,815.94,52.27,52.64,0.25,2.88000,17.89160,0.78
100,-815.94,52.27,53.27,0.21,2.88000,17.87440,-0.14
100,815.94,52.27,52.68,0.21,2.88000,17.87440,-0.14
100,541.53,52.27,52.76,-0.53,2.88000,17.89160,-0.25
100,-57.33,52.27,52.89,-0.19,2.88000,17.85720,0.04
100,815.94,52.27,52.74,0.15,2.88000,17.89160,0.13
100,815.94,52.27,52.44,-0.13,2.88000,17.89160,0.39
100,200.00,52.27,52.67,-0.13,2.97000,4.47560,0.39
100,200.00,52.27,52.66,0.12,2.97000,19.18160,0.18
100,200.00,52.27,52.66,-0.00,2.97000,17.87440,0.03
100,200.00,52.27,52.69,-0.10,2.97000,17.89160,0.25
100,200.00,52.27,52.77,-0.10,2.97000,17.89160,0.25
100,200.00,52.27,52.77,0.19,2.97000,19.18160,-0.11
100,-26.05,52.27,52.29,0.00,2.97000,17.82280,-0.06
100,815.94,52.27,51.51,-1.06,2.97000,18.20120,-0.64
100,-815.94,52.27,52.92,0.90,2.97000,18.20120,0.33
100,815.94,52.27,52.14,0.90,2.97000,3.77040,0.33
100,815.94,52.27,51.68,-0.63,2.97000,18.21840,-0.95
100,-815.94,52.27,53.09,0.35,2.97000,18.21840,0.45
100,815.94,52.27,51.75,0.00,2.97000,18.23560,-0.72
100,815.94,52.27,51.97,0.00,2.97000,18.23560,-0.72
100,-815.94,52.27,53.11,-0.20,2.97000,18.21840,0.72
100,815.94,52.27,51.48,0.63,2.97000,18.20120,-0.31
100,815.94,52.27,52.19,-1.04,3.06000,18.20120,0.41
100,-815.94,52.27,52.85,1.34,2.97000,18.20120,0.22
100,815.94,52.27,51.47,1.34,3.06000,2.89320,0.22
100,815.94,52.27,52.63,-1.35,3.06000,18.20120,-0.14
100,-815.94,52.27,52.49,1.50,2.97000,18.20120,-0.04
100,815.94,52.27,51.58,-1.47,3.06000,18.20120,-0.48
100,-815.94,52.27,52.96,-1.47,3.06000,18.20120,-0.48
100,815.94,52.27,52.10,1.29,2.97000,18.20120,0.49
100,815.94,52.27,51.70,-1.24,3.06000,18.20120,-0.71
100,-815.94,52.27,53.18,0.78,3.06000,18.32160,0.74
100,815.94,52.27,51.83,-0.38,3.06000,18.32160,-1.16
100,815.94,52.27,51.85,-0.38,3.06000,3.39200,-1.16
100,-815.94,52.27,53.18,-0.05,2.97000,18.14960,0.94
100,815.94,52.27,51.64,0.57,3.06000,18.14960,-0.58
100,815.94,52.27,52.01,-0.93,3.06000,18.20120,0.74
100,-815.94,52.27,53.17,-0.93,2.97000,18.20120,0.74
100,815.94,52.27,51.51,1.30,3.06000,18.20120,-0.13
100,815.94,52.27,52.15,-1.57,3.06000,18.20120,0.06
100,-815.94,52.27,52.89,1.52,3.06000,18.20120,-0.12
100,815.94,52.27,51.58,-1.35,3.06000,18.20120,-0.53
100,185.77,52.27,52.67,-1.35,3.06000,4.64760,-0.53
100,-815.94,52.27,52.48,1.16,3.06000,18.18400,0.38
100,815.94,52.27,51.63,-1.11,3.06000,18.33880,-0.96
100,-815.94,52.27,53.06,0.69,3.06000,7.64040,0.88
100,815.94,52.27,52.12,0.69,3.06000,7.64040,0.88
100,815.94,52.27,51.63,-0.41,3.06000,18.20120,-1.07
100,-815.94,52.27,53.12,-0.04,3.06000,18.20120,1.13
100,815.94,52.27,51.80,0.58,3.06000,18.20120,-0.57
100,815.94,52.27,51.95,-0.78,3.06000,18.20120,0.82
100,-815.94,52.27,53.15,-0.78,3.06000,3.42640,0.82
100,815.94,52.27,51.57,1.09,3.06000,18.27000,-0.17
100,815.94,52.27,52.12,-1.38,3.06000,18.21840,0.30
100,-815.94,52.27,53.09,1.57,3.06000,7.53720,-0.19
100,815.94,52.27,51.46,1.57,3.06000,7.53720,-0.19
100,815.94,52.27,52.25,-1.56,3.06000,18.20120,-0.43
100,-815.94,52.27,52.82,1.31,3.06000,18.32160,0.45
100,815.94,52.27,51.57,-0.98,3.06000,18.21840,-1.04
100,-791.09,52.27,52.76,0.56,3.06000,18.21840,0.77
100,-815.94,52.27,52.44,0.56,3.06000,2.49760,0.77
100,815.94,52.27,51.55,-0.27,3.06000,18.20120,-1.09
100,-815.94,52.27,53.04,-0.11,3.06000,18.20120,1.09
100,815.94,52.27,52.20,0.82,3.06000,18.35600,-0.48
100,815.94,52.27,51.52,0.82,3.06000,18.35600,-0.48
100,-815.94,52.27,53.11,-1.15,3.06000,7.52000,0.73
100,815.94,52.27,51.96,1.58,3.06000,18.09800,-0.35
100,815.94,52.27,51.72,-1.56,3.06000,18.23560,-0.12
100,-815.94,52.27,53.13,1.37,3.06000,18.23560,0.19
100,815.94,52.27,51.75,1.37,3.06000,18.20120,0.19
100,815.94,52.27,52.07,-1.12,3.06000,18.21840,-0.62
100,-815.94,52.27,53.07,1.13,3.06000,18.30440,0.44
100,815.94,52.27,51.53,-0.96,3.06000,18.32160,-1.15
100,815.94,52.27,52.25,-0.96,3.06000,18.32160,-1.15
100,-815.94,52.27,52.78,0.44,3.06000,18.21840,0.96
100,815.94,52.27,51.57,-0.13,3.06000,18.20120,-1.09
100,815.94,96.14,52.59,-0.28,3.06000,18.37320,1.05
100,815.94,96.14,55.47,2.75,2.97000,18.37320,-0.17
100,815.94,96.14,59.61,2.75,2.88000,1.50000,-0.17
100,815.94,96.14,64.59,4.81,2.70000,19.21600,1.77
100,815.94,96.14,69.77,6.00,2.61000,17.90880,0.27
100,-815.94,96.14,74.96,6.55,2.43000,17.90880,0.52
100,815.94,96.14,75.39,6.55,2.16000,35.07440,0.52
100,815.94,96.14,76.37,1.15,2.07000,18.52800,0.21
100,815.94,96.14,78.61,1.61,1.89000,18.20120,-0.20
100,815.94,96.14,81.54,3.26,1.71000,7.53720,0.08
100,-815.94,96.14,84.84,3.26,1.53000,7.53720,0.08
100,815.94,96.14,84.55,3.85,1.35000,7.52000,0.43
100,815.94,96.14,85.51,-0.25,1.17000,18.85480,-0.44
100,815.94,96.14,87.68,1.66,0.90000,18.54520,-0.10
100,815.94,96.14,88.57,2.17,0.72000,18.54520,0.27
100,815.94,96.14,88.77,2.17,0.63000,33.47480,0.27
100,815.94,96.14,90.56,0.12,0.54000,19.11280,-0.43
100,815.94,96.14,90.55,1.92,0.36000,19.18160,-0.20
100,815.94,96.14,91.02,-0.30,0.36000,18.85480,-0.67
100,-815.94,96.14,92.48,-0.30,0.27000,18.85480,-0.67
100,815.94,96.14,91.95,1.54,0.27000,18.85480,-0.31
100,815.94,96.14,92.81,-0.37,0.18000,18.75160,-0.48
100,-815.94,96.14,93.51,1.54,0.18000,18.85480,0.31
100,815.94,96.14,93.23,-0.26,0.18000,18.85480,-0.93
100,-815.94,96.14,94.27,-0.26,0.18000,4.04560,-0.93
100,815.94,96.14,93.85,1.02,0.18000,18.85480,0.39
100,-815.94,96.14,94.71,-0.18,0.09000,18.85480,-0.09
100,815.94,96.14,94.38,0.14,0.09000,18.85480,0.16
100,-815.94,96.14,94.95,0.14,0.09000,18.85480,0.16
100,815.94,96.14,94.77,0.55,0.00000,7.52000,-0.18
100,815.94,96.14,95.01,0.04,0.00000,18.85480,0.26
100,815.94,96.14,95.25,-0.07,0.00000,18.80320,-0.67
100,815.94,96.14,94.88,0.25,0.00000,18.80320,1.10
100,815.94,96.14,95.15,0.25,-0.09000,32.37400,1.10
100,200.00,96.14,95.81,0.15,-0.09000,19.81800,-0.21
100,200.00,96.14,95.16,0.22,-0.18000,18.52800,-0.29
100,815.94,96.14,95.51,-0.34,-0.18000,18.52800,-0.17
100,200.00,96.14,96.21,-0.34,-0.18000,18.52800,-0.17
100,200.00,96.14,95.61,0.87,-0.27000,18.52800,0.50
100,815.94,96.14,94.96,-0.78,-0.27000,18.52800,-0.28
100,644.80,96.14,96.13,0.07,-0.27000,19.50840,0.06
100,200.00,96.14,96.77,1.25,-0.36000,19.50840,0.31
100,200.00,96.14,96.36,1.25,-0.36000,5.33560,0.31
100,815.94,96.14,95.52,-0.46,-0.36000,19.50840,-0.26
100,200.00,96.14,95.80,-0.59,-0.45000,19.49120,-0.51
100,200.00,96.14,95.48,-0.02,-0.45000,19.50840,-0.21
100,815.94,96.14,95.14,-0.02,-0.45000,19.50840,-0.21
100,200.00,96.14,96.24,-0.39,-0.45000,19.49120,0.21
100,200.00,96.14,96.30,1.18,-0.54000,19.49120,0.48
100,200.00,96.14,95.55,-0.45,-0.54000,19.14720,-0.34
100,815.94,96.14,95.04,-0.89,-0.54000,19.14720,-0.05
100,200.00,96.14,96.38,-0.89,-0.54000,4.21760,-0.05
100,200.00,96.14,96.77,1.38,-0.63000,19.18160,0.38
100,200.00,96.14,96.33,0.07,-0.63000,19.23320,0.09
100,815.94,96.14,95.67,-0.82,-0.63000,19.18160,-0.54
100,200.00,96.14,95.85,-0.82,-0.63000,19.18160,-0.54
100,200.00,96.14,95.44,0.08,-0.63000,19.18160,0.47
100,815.94,96.14,95.17,-0.49,-0.63000,19.11280,-0.02
100,200.00,96.14,96.41,0.44,-0.63000,19.18160,0.11
100,200.00,96.14,96.51,0.72,-0.63000,19.18160,-0.22
100,200.00,96.14,95.83,0.72,-0.63000,4.68200,-0.22
100,815.94,96.14,95.32,-0.77,-0.63000,19.18160,0.08
100,200.00,96.14,95.69,-0.05,-0.63000,19.18160,0.15
100,200.00,96.14,95.46,-0.10,-0.63000,19.18160,-0.34
100,815.94,96.14,95.16,-0.10,-0.63000,19.18160,-0.34
100,200.00,96.14,96.04,-0.33,-0.63000,19.18160,0.01
100,200.00,96.14,96.39,1.09,-0.63000,19.18160,0.46
100,200.00,96.14,95.79,-0.21,-0.63000,19.18160,-0.42
100,815.94,96.14,95.04,-0.97,-0.63000,19.18160,-0.02
100,200.00,96.14,96.15,-0.97,-0.63000,4.92280,-0.02
100,200.00,96.14,96.85,1.16,-0.63000,19.18160,0.46
100,200.00,96.14,96.60,0.36,-0.63000,19.18160,-0.17
100,815.94,96.14,96.05,-0.53,-0.63000,19.18160,-0.03
100,200.00,96.14,96.23,-0.53,-0.63000,19.18160,-0.03
100,200.00,96.14,95.79,0.02,-0.63000,19.16440,0.34
100,815.94,96.14,95.10,-0.58,-0.63000,19.18160,-0.10
100,815.94,96.14,95.81,-0.33,-0.63000,19.11280,-0.28
100,200.00,96.14,96.85,1.45,-0.63000,19.11280,0.48
100,200.00,96.14,96.67,1.45,-0.72000,5.06040,0.48
100,815.94,96.14,96.13,-0.16,-0.63000,19.18160,-0.03
100,200.00,96.14,96.27,-0.49,-0.63000,19.18160,-0.37
100,200.00,96.14,95.95,0.01,-0.63000,19.16440,-0.18
100,200.00,96.14,95.29,0.01,-0.63000,19.16440,-0.18
100,815.94,96.14,95.40,-0.72,-0.63000,19.18160,0.22
100,200.00,96.14,96.76,0.54,-0.72000,19.16440,0.44
100,200.00,96.14,96.78,0.93,-0.72000,19.18160,-0.55
100,200.00,96.14,96.39,-0.34,-0.63000,19.18160,0.20
100,200.00,96.14,96.40,-0.34,-0.63000,4.61320,0.20
100,200.00,96.14,96.28,-0.03,-0.63000,19.18160,0.13
100,200.00,96.14,95.63,-0.37,-0.63000,19.18160,-0.26
100,815.94,96.14,95.06,-0.89,-0.63000,19.18160,-0.08
100,200.00,96.14,96.31,-0.89,-0.63000,19.18160,-0.08
100,200.00,96.14,97.02,1.13,-0.72000,19.18160,0.52
100,200.00,96.14,96.78,0.54,-0.72000,19.06120,-0.25
100,815.94,96.14,96.49,-0.37,-0.72000,19.18160,0.11
100,200.00,96.14,96.96,0.36,-0.72000,19.18160,0.30
100,200.00,96.14,96.79,0.36,-0.72000,5.12920,0.30
100,200.00,96.14,96.47,-0.18,-0.72000,19.18160,-0.05
100,200.00,96.14,96.72,-0.37,-0.72000,19.18160,-0.16
100,200.00,96.14,96.74,0.40,-0.72000,19.07840,0.03
100,200.00,96.14,96.40,0.40,-0.72000,19.07840,0.03
100,815.94,68.07,95.89,-0.36,-0.63000,19.18160,0.25
100,-815.94,68.07,94.75,-0.41,-0.63000,19.07840,-0.34
100,-815.94,68.07,90.16,-3.09,-0.45000,19.18160,-0.78
100,815.94,68.07,86.01,-5.55,-0.18000,19.18160,-2.60
100,-815.94,68.07,86.22,-5.55,0.00000,34.28320,-2.60
100,-815.94,68.07,85.07,-0.17,0.18000,18.85480,0.26
100,815.94,68.07,80.97,-2.57,0.36000,18.85480,2.04
100,815.94,68.07,79.49,-3.82,0.63000,17.89160,-1.73
100,-815.94,68.07,80.03,-3.82,0.63000,17.89160,-1.73
100,815.94,68.07,77.53,0.30,0.72000,18.21840,1.34
100,815.94,68.07,76.17,-3.03,0.90000,7.52000,-0.21
100,-815.94,68.07,76.85,0.10,0.99000,18.52800,1.08
100,815.94,68.07,74.43,-1.75,0.99000,18.52800,-0.44
100,815.94,68.07,73.91,-1.75,1.17000,2.79000,-0.44
100,-815.94,68.07,74.24,-0.69,1.17000,18.52800,0.30
100,815.94,68.07,72.31,-0.81,1.17000,18.52800,0.10
100,-815.94,68.07,73.09,-0.40,1.26000,18.90640,-0.16
100,815.94,68.07,71.60,-0.40,1.35000,18.90640,-0.16
100,815.94,68.07,71.64,-1.12,1.35000,18.85480,0.56
100,-358.07,68.07,71.18,0.41,1.35000,18.85480,-0.05
100,815.94,68.07,70.90,-1.26,1.44000,18.90640,0.19
100,536.52,68.07,70.46,0.19,1.44000,18.90640,0.41
100,815.94,68.07,70.09,0.19,1.44000,3.52960,0.41
100,-815.94,68.07,70.12,-0.47,1.44000,18.85480,-0.33
100,815.94,68.07,69.84,-0.66,1.53000,18.85480,0.04
100,473.37,68.07,69.56,0.46,1.53000,18.87200,0.48
100,815.94,68.07,69.27,0.46,1.53000,18.87200,0.48
100,-815.94,68.07,69.56,-0.65,1.53000,7.53720,-0.49
100,815.94,68.07,68.67,-0.19,1.53000,17.89160,-0.02
100,-815.94,68.07,69.57,0.09,1.62000,17.85720,0.25
100,815.94,68.07,68.40,-0.67,1.62000,17.89160,-0.42
100,200.00,68.07,68.73,-0.67,1.62000,17.89160,-0.42
100,200.00,68.07,68.63,0.22,1.62000,17.89160,0.45
100,200.00,68.07,68.62,-0.10,1.62000,17.82280,-0.06
100,-815.94,68.07,68.88,0.28,1.62000,17.89160,0.05
100,200.00,68.07,68.76,-0.19,1.62000,17.89160,-0.53
100,200.00,68.07,68.67,-0.19,1.62000,17.89160,-0.53
100,815.94,68.07,68.37,0.03,1.62000,17.87440,-0.27
100,200.00,68.07,68.48,-0.25,1.62000,17.89160,-0.31
100,200.00,68.07,68.48,0.00,1.62000,17.82280,0.01
100,-152.80,68.07,68.47,0.00,1.62000,17.82280,0.01
100,200.00,68.07,68.47,-0.00,1.62000,17.89160,0.09
100,200.00,68.07,68.47,-0.01,1.62000,17.80560,-0.09
100,200.00,68.07,68.47,0.00,1.62000,17.87440,0.00
100,815.94,68.07,68.02,-0.33,1.62000,17.87440,-0.06
100,200.00,68.07,67.86,-0.33,1.62000,3.44360,-0.06
100,200.00,68.07,67.72,-0.23,1.71000,17.89160,-0.25
100,815.94,68.07,67.54,-0.19,1.71000,17.89160,0.09
100,200.00,68.07,68.29,0.40,1.71000,17.89160,0.09
100,200.00,68.07,68.36,0.40,1.71000,17.89160,0.09
100,200.00,68.07,68.35,0.25,1.71000,17.89160,-0.16
100,200.00,68.07,68.34,-0.01,1.71000,17.89160,0.25
100,200.00,68.07,68.34,-0.01,1.71000,17.87440,-0.04
100,200.00,68.07,68.34,0.00,1.71000,17.87440,-0.01
100,-777.14,68.07,68.22,0.00,1.71000,4.40680,-0.01
100,200.00,68.07,67.97,-0.23,1.71000,17.89160,-0.12
100,200.00,68.07,67.87,-0.12,1.71000,17.87440,-0.00
100,200.00,68.07,67.74,-0.14,1.71000,17.89160,0.08
100,200.00,68.07,68.25,-0.14,1.71000,17.89160,0.08
100,-815.94,68.07,68.58,0.45,1.71000,17.87440,-0.07
100,815.94,68.07,67.09,-0.25,1.71000,17.90880,-0.41
100,815.94,68.07,68.01,-0.64,1.71000,17.89160,-0.03
100,-815.94,68.07,68.99,1.64,1.71000,17.89160,0.77
100,815.94,68.07,67.15,1.64,1.71000,2.23960,0.77
100,815.94,68.07,67.74,-1.82,1.80000,17.87440,-1.04
100,-815.94,68.07,69.15,1.45,1.71000,17.82280,1.05
100,815.94,68.07,67.32,-0.66,1.71000,17.99480,-1.44
100,815.94,68.07,67.52,-0.66,1.80000,17.99480,-1.44
100,-815.94,68.07,69.13,-0.28,1.71000,19.18160,1.35
100,815.94,68.07,67.52,1.24,1.71000,17.87440,-0.29
100,815.94,68.07,67.43,-1.67,1.80000,19.16440,-0.06
100,-815.94,68.07,69.17,1.69,1.71000,19.16440,0.08
100,815.94,68.07,67.81,1.69,1.71000,5.31840,0.08
100,815.94,68.07,67.19,-1.26,1.80000,19.18160,-0.17
100,-815.94,68.07,68.95,0.26,1.71000,19.18160,0.50
100,-684.82,68.07,68.14,0.96,1.71000,19.13000,-0.46
100,815.94,68.07,67.14,0.96,1.80000,19.13000,-0.46
100,200.00,68.07,68.71,-1.44,1.80000,7.53720,0.44
100,-815.94,68.07,68.45,1.88,1.71000,19.18160,-0.50
100,815.94,68.07,67.04,-1.55,1.80000,19.18160,0.37
100,815.94,68.07,68.33,0.41,1.80000,19.18160,0.39
100,-815.94,68.07,68.79,0.41,1.71000,34.02520,0.39
100,815.94,68.07,67.06,0.53,1.80000,19.18160,-0.75
100,815.94,68.07,67.99,-1.19,1.80000,19.18160,1.10
100,-815.94,68.07,69.04,1.83,1.71000,19.18160,-0.80
100,815.94,68.07,67.24,1.83,1.80000,19.18160,-0.80
100,815.94,68.07,67.60,-1.74,1.80000,19.16440,0.02
100,-815.94,68.07,69.23,0.87,1.71000,19.18160,0.34
100,815.94,68.07,67.54,0.35,1.80000,19.18160,-0.76
100,815.94,68.07,67.40,-1.18,1.80000,19.18160,1.06
100,-815.94,68.07,69.08,-1.18,1.71000,3.90800,1.06
100,815.94,68.07,67.81,1.67,1.80000,19.18160,-0.69
100,815.94,68.07,67.25,-1.74,1.80000,18.20120,-0.29
100,200.00,68.07,68.87,0.91,1.80000,19.18160,0.31
100,-815.94,68.07,68.36,0.91,1.80000,19.18160,0.31
100,815.94,68.07,67.11,0.02,1.80000,18.21840,-0.73
100,815.94,68.07,68.50,-0.85,1.80000,19.18160,1.12
100,-815.94,68.07,68.66,1.70,1.71000,19.18160,-0.56
100,815.94,68.07,67.13,-1.79,1.80000,19.18160,-0.35
100,815.94,68.07,68.08,-1.79,1.80000,4.51000,-0.35
100,-815.94,68.07,68.84,1.02,1.71000,19.18160,0.19
100,815.94,68.07,67.24,-0.38,1.80000,19.16440,-0.70
100,-815.94,54.03,67.77,-0.52,1.80000,19.16440,0.80
100,-815.94,54.03,66.35,-0.52,1.80000,19.16440,0.80
100,815.94,54.03,63.04,-1.07,1.98000,18.20120,-1.36
100,815.94,54.03,62.65,-3.59,2.16000,18.20120,-0.99
100,-815.94,54.03,63.55,0.82,2.16000,18.52800,0.77
100,815.94,54.03,61.01,-1.71,2.25000,18.52800,0.70
100,815.94,54.03,59.66,-1.71,2.34000,1.50000,0.70
100,-815.94,54.03,60.73,-1.54,2.34000,18.57960,-0.05
100,-494.84,54.03,59.20,0.61,2.34000,18.52800,-0.18
100,815.94,54.03,58.08,-2.20,2.52000,17.56480,-0.47
100,-815.94,54.03,58.90,-2.20,2.52000,17.56480,-0.47
100,815.94,54.03,57.28,0.76,2.52000,18.85480,1.07
100,-815.94,54.03,57.83,-1.56,2.61000,18.75160,-1.07
100,815.94,54.03,56.71,0.32,2.61000,18.87200,1.69
100,815.94,54.03,56.68,-0.89,2.61000,18.87200,-1.33
100,-815.94,54.03,56.50,-0.89,2.61000,17.90880,-1.33
100,815.94,54.03,55.91,-0.33,2.70000,17.89160,0.69
100,-815.94,54.03,56.35,0.27,2.70000,17.87440,0.31
100,815.94,54.03,55.11,-1.18,2.70000,17.87440,-0.13
100,-815.94,54.03,56.05,-1.18,2.70000,17.87440,-0.13
100,815.94,54.03,54.88,0.75,2.70000,17.87440,0.20
100,-815.94,54.03,55.73,-0.97,2.70000,17.87440,-0.80
100,815.94,54.03,54.72,0.09,2.70000,17.89160,0.39
100,-815.94,54.03,55.43,0.31,2.70000,17.89160,0.29
100,815.94,54.03,54.50,0.31,2.79000,3.18560,0.29
100,-815.94,54.03,55.22,-0.76,2.79000,17.87440,-0.51
100,815.94,54.03,54.21,0.07,2.79000,17.87440,-0.02
100,200.00,54.03,54.26,-0.32,2.79000,17.85720,0.45
100,200.00,54.03,54.05,-0.32,2.79000,17.85720,0.45
100,815.94,54.03,53.78,-0.23,2.79000,17.87440,-0.15
100,815.94,54.03,54.74,-0.11,2.79000,17.87440,0.08
100,815.94,54.03,54.33,0.86,2.79000,17.87440,-0.04
100,200.00,54.03,54.35,-0.45,2.79000,17.87440,0.32
100,200.00,54.03,54.18,-0.45,2.79000,4.23480,0.32
100,200.00,54.03,53.84,-0.20,2.79000,17.89160,-0.25
100,200.00,54.03,54.38,-0.30,2.79000,17.94320,0.14
100,815.94,54.03,54.32,0.75,2.79000,17.87440,-0.12
100,200.00,54.03,54.37,0.75,2.79000,17.87440,-0.12
100,200.00,54.03,54.16,-0.22,2.79000,17.87440,0.62
100,200.00,54.03,53.79,-0.28,2.79000,17.87440,-0.35
100,200.00,54.03,54.37,-0.19,2.79000,17.89160,0.17
100,815.94,54.03,54.16,0.41,2.79000,17.89160,-0.02
100,200.00,54.03,54.04,0.41,2.79000,3.52960,-0.02
100,200.00,54.03,53.85,-0.25,2.79000,17.87440,0.22
100,200.00,54.03,53.83,-0.17,2.79000,17.89160,-0.01
100,-815.94,54.03,54.68,0.49,2.79000,17.89160,-0.12
100,200.00,54.03,54.00,0.49,2.79000,17.89160,-0.12
100,200.00,54.03,53.91,-0.32,2.79000,17.89160,-0.87
100,200.00,54.03,53.89,-0.09,2.79000,17.75400,0.41
100,815.94,54.03,53.97,-0.00,2.79000,17.87440,-0.01
100,-815.94,54.03,54.61,0.75,2.79000,17.87440,0.11
100,200.00,54.03,53.92,0.75,2.79000,2.96200,0.11
100,200.00,54.03,53.87,-0.70,2.79000,17.89160,0.19
100,200.00,54.03,53.87,-0.03,2.79000,17.87440,-0.40
100,815.94,54.03,54.18,0.05,2.79000,17.84000,0.22
100,815.94,54.03,54.30,0.05,2.79000,17.84000,0.22
100,200.00,54.03,53.89,0.28,2.79000,17.87440,0.23
100,200.00,54.03,53.87,-0.34,2.79000,17.87440,0.38
100,200.00,54.03,53.87,-0.00,2.79000,17.82280,-0.15
100,200.00,54.03,54.51,0.39,2.79000,17.82280,-0.02
100,815.94,54.03,53.99,0.39,2.79000,2.66960,-0.02
100,200.00,54.03,53.86,-0.31,2.88000,17.89160,-0.73
100,200.00,54.03,53.86,-0.07,2.88000,17.87440,0.46
100,815.94,54.03,53.86,0.00,2.88000,17.87440,-0.14
100,-815.94,54.03,54.69,0.00,2.79000,17.87440,-0.14
100,200.00,54.03,53.93,0.73,2.79000,17.87440,0.09
100,200.00,54.03,53.86,-0.74,2.88000,17.75400,-0.20
100,200.00,54.03,53.86,-0.02,2.88000,17.87440,-0.32
100,815.94,54.03,53.98,0.02,2.88000,17.87440,0.31
100,-815.94,54.03,54.54,0.02,2.79000,3.82200,0.31
100,200.00,54.03,53.89,0.39,2.88000,17.89160,0.29
100,200.00,54.03,53.85,-0.43,2.88000,17.89160,0.45
100,200.00,54.03,53.85,-0.00,2.88000,17.87440,-0.17
100,815.94,54.03,54.21,-0.00,2.88000,17.87440,-0.17
100,815.94,54.03,54.17,0.36,2.79000,17.89160,-0.04
100,200.00,54.03,53.87,-0.29,2.88000,17.87440,-0.69
100,200.00,54.03,53.86,-0.09,2.88000,17.87440,0.46
100,200.00,54.03,53.86,0.00,2.88000,17.87440,-0.12
100,200.00,54.03,54.57,0.00,2.79000,4.40680,-0.12
100,815.94,54.03,53.97,0.72,2.88000,17.87440,0.10
100,200.00,54.03,53.87,-0.72,2.88000,17.89160,-0.31
100,200.00,54.03,53.87,-0.04,2.88000,17.87440,-0.30
100,815.94,54.03,53.88,-0.04,2.88000,17.87440,-0.30
100,-815.94,54.03,54.68,0.02,2.79000,17.87440,0.31
100,200.00,54.03,53.91,0.48,2.88000,17.89160,0.31
100,200.00,54.03,53.85,-0.50,2.88000,17.84000,0.50
100,200.00,54.03,53.85,-0.00,2.88000,17.84000,-0.23
100,815.94,54.03,54.03,-0.00,2.88000,4.18320,-0.23
100,-815.94,54.03,54.44,0.29,2.79000,17.89160,-0.02
100,200.00,54.03,53.91,-0.18,2.88000,17.89160,-0.40
100,200.00,54.03,53.88,-0.10,2.88000,17.85720,0.40
100,200.00,54.03,53.88,-0.10,2.88000,17.85720,0.40
100,815.94,54.03,54.34,0.00,2.88000,17.87440,-0.15
100,815.94,54.03,54.08,0.72,2.79000,17.89160,0.07
100,200.00,54.03,53.85,-0.73,2.88000,17.89160,-0.59
100,200.00,54.03,53.85,-0.03,2.88000,17.89160,-0.04
100,200.00,54.03,53.85,-0.03,2.88000,3.56400,-0.04
100,200.00,54.03,54.64,0.00,2.79000,17.87440,0.33
100,815.94,54.03,53.86,0.69,2.88000,17.89160,0.12
100,200.00,54.03,53.69,-0.82,2.88000,17.87440,0.45
100,200.00,54.03,53.69,-0.82,2.88000,17.87440,0.45
100,815.94,47.01,53.78,-0.01,2.88000,17.89160,-0.51
100,-815.94,47.01,53.89,0.37,2.88000,17.89160,0.11
100,815.94,47.01,52.29,-1.40,2.88000,17.89160,-0.77
100,-815.94,47.01,52.52,-0.22,2.88000,17.89160,-0.03
100,815.94,47.01,50.92,-0.22,2.97000,2.96200,-0.03
100,-815.94,47.01,51.60,-1.51,2.97000,18.20120,-0.57
100,815.94,47.01,50.08,0.35,3.06000,18.20120,0.59
100,815.94,47.01,50.28,-1.28,3.06000,18.20120,-0.26
100,-815.94,47.01,49.98,-1.28,3.06000,18.20120,-0.26
100,815.94,47.01,49.21,-0.00,3.15000,18.20120,0.61
100,-815.94,47.01,49.69,-0.30,3.15000,18.20120,-0.12
100,815.94,47.01,48.41,-0.85,3.15000,18.30440,0.19
100,-815.94,47.01,49.35,0.67,3.15000,18.30440,0.02
100,815.94,47.01,48.12,0.67,3.24000,4.49280,0.02
100,-815.94,47.01,48.96,-1.06,3.24000,18.20120,-0.35
100,815.94,47.01,47.75,0.40,3.24000,18.32160,0.02
100,-815.94,47.01,48.53,-0.49,3.24000,18.14960,-0.17
100,815.94,47.01,47.84,-0.49,3.24000,18.14960,-0.17
100,815.94,47.01,47.58,-0.25,3.24000,18.20120,0.14
100,-815.94,47.01,48.21,0.19,3.24000,18.52800,0.15
100,815.94,47.01,47.31,-0.57,3.24000,18.52800,0.01
100,-815.94,47.01,48.00,0.61,3.24000,18.52800,0.24
100,815.94,47.01,47.41,0.61,3.33000,4.25200,0.24
100,-537.74,47.01,47.58,-0.43,3.24000,18.52800,-0.02
100,-808.71,47.01,47.69,-0.21,3.33000,18.52800,0.07
100,815.94,47.01,47.39,0.02,3.33000,18.52800,-0.14
100,815.94,47.01,47.24,0.02,3.33000,18.52800,-0.14
100,-815.94,47.01,47.45,-0.08,3.33000,18.52800,-0.17
100,-815.94,47.01,47.53,0.05,3.33000,18.44200,0.11
100,200.00,47.01,47.33,-0.11,3.33000,18.54520,-0.08
100,200.00,47.01,47.40,0.23,3.33000,18.54520,0.07
100,200.00,47.01,47.40,0.23,3.33000,4.90560,0.07
100,815.94,47.01,47.09,0.00,3.33000,18.52800,0.02
100,200.00,47.01,47.01,-0.35,3.33000,18.64840,-0.19
100,200.00,47.01,47.01,0.00,3.33000,18.52800,0.06
100,200.00,47.01,47.01,0.00,3.33000,18.52800,0.06
100,200.00,47.01,47.41,0.00,3.33000,18.52800,-0.03
100,200.00,47.01,47.40,0.35,3.33000,18.63120,-0.21
100,200.00,47.01,47.40,0.00,3.33000,18.42480,0.06
100,157.60,47.01,46.95,-0.19,3.33000,18.42480,-0.12
100,815.94,47.01,46.51,-0.19,3.33000,3.13400,-0.12
100,-815.94,47.01,47.61,-0.47,3.33000,18.52800,0.01
100,815.94,47.01,46.46,0.40,3.33000,18.52800,-0.33
100,-815.94,47.01,47.57,0.03,3.33000,18.52800,0.31
100,815.94,47.01,46.63,0.03,3.33000,18.52800,0.31
100,815.94,47.01,46.99,-0.46,3.33000,7.53720,-0.58
100,-815.94,47.01,47.26,0.79,3.33000,18.52800,0.50
100,815.94,47.01,46.56,-0.83,3.33000,18.52800,-0.44
100,-815.94,47.01,47.61,1.01,3.33000,18.52800,0.37
100,815.94,47.01,46.45,1.01,3.33000,33.19960,0.37
100,-815.94,47.01,47.59,-0.93,3.33000,18.52800,-0.31
100,815.94,47.01,46.66,1.02,3.33000,18.52800,0.19
100,815.94,47.01,46.92,-0.95,3.33000,18.52800,0.13
100,-815.94,47.01,47.29,-0.95,3.33000,18.52800,0.13
100,815.94,47.01,46.62,0.59,3.33000,18.52800,-0.20
100,-815.94,47.01,47.60,-0.19,3.33000,18.52800,0.45
100,815.94,47.01,46.40,-0.25,3.33000,18.52800,-0.61
100,-815.94,47.01,47.53,0.49,3.33000,18.52800,0.62
100,815.94,47.01,46.62,0.49,3.33000,3.66720,0.62
100,815.94,47.01,46.84,-0.69,3.33000,18.52800,-0.45
100,-815.94,47.01,47.39,0.99,3.33000,18.52800,0.50
100,815.94,47.01,46.47,-1.01,3.33000,18.52800,-0.33
100,-815.94,47.01,47.68,-1.01,3.33000,18.52800,-0.33
100,815.94,47.01,46.52,1.07,3.33000,18.52800,0.16
100,-815.94,47.01,47.35,-1.12,3.33000,18.45920,-0.11
100,242.08,47.01,46.94,1.04,3.33000,18.57960,0.04
100,815.94,47.01,46.69,-0.99,3.33000,18.57960,0.24
100,-815.94,47.01,47.60,-0.99,3.33000,3.61560,0.24
100,815.94,47.01,46.46,0.78,3.33000,7.52000,-0.30
100,-815.94,47.01,47.63,-0.68,3.33000,18.52800,0.42
100,815.94,47.01,46.53,0.38,3.33000,18.52800,-0.61
100,815.94,47.01,47.10,-0.20,3.33000,18.52800,0.64
100,-815.94,47.01,47.23,-0.20,3.33000,18.52800,0.64
100,815.94,47.01,46.63,0.01,3.33000,18.52800,-0.74
100,-815.94,47.01,47.60,0.31,3.33000,18.52800,0.74
100,815.94,47.01,46.42,-0.65,3.33000,18.52800,-0.65
100,200.00,47.01,47.52,-0.65,3.33000,18.52800,-0.65
100,815.94,47.01,46.66,0.87,3.33000,18.52800,0.56
100,815.94,47.01,47.08,-1.01,3.33000,18.40760,-0.36
100,-815.94,47.01,47.16,1.08,3.33000,18.64840,0.29
100,815.94,47.01,46.62,-1.06,3.33000,18.64840,-0.01
100,-815.94,47.01,47.61,-1.06,3.33000,3.32320,-0.01
100,815.94,47.01,46.40,0.85,3.42000,18.54520,-0.27
100,-815.94,47.01,47.51,-0.78,3.33000,18.52800,0.47
100,815.94,47.01,46.67,0.52,3.33000,18.57960,-0.62
100,815.94,47.01,46.98,0.52,3.42000,18.57960,-0.62
100,-815.94,47.01,47.36,-0.11,3.33000,18.52800,0.68
100,815.94,47.01,46.52,-0.24,3.42000,18.52800,-0.83
100,-815.94,47.01,47.62,0.47,3.33000,18.52800,0.72
100,815.94,47.01,46.47,-0.67,3.42000,18.52800,-0.60
100,-815.94,47.01,47.43,-0.67,3.33000,4.02840,-0.60
100,815.94,47.01,46.75,0.90,3.33000,18.52800,0.35
100,815.94,47.01,46.87,-1.07,3.42000,18.64840,-0.35
100,-815.94,47.01,47.40,1.13,3.33000,18.70000,0.23
100,815.94,47.01,46.43,1.13,3.42000,18.70000,0.23
100,-815.94,47.01,47.62,-1.05,3.33000,18.52800,-0.05
100,815.94,47.01,46.47,0.92,3.42000,18.52800,-0.14
100,287.02,47.01,47.27,-0.77,3.42000,18.52800,0.36
100,-594.43,47.01,47.00,0.65,3.33000,18.52800,-0.49
100,815.94,47.01,46.66,0.65,3.42000,2.18800,-0.49
100,-815.94,47.01,47.58,-0.41,3.33000,18.54520,0.59
100,815.94,47.01,46.48,0.08,3.42000,18.52800,-0.67
100,-815.94,43.50,47.22,0.19,3.42000,18.52800,0.73
100,815.94,43.50,45.75,0.19,3.42000,18.52800,0.73
100,-815.94,43.50,46.49,-1.24,3.42000,18.52800,-0.54
100,815.94,43.50,45.35,0.62,3.42000,18.49360,0.28
100,-815.94,43.50,45.97,-0.87,3.42000,18.52800,-0.08
100,815.94,43.50,44.85,-0.31,3.42000,18.52800,-0.24
100,815.94,43.50,45.13,-0.31,3.42000,3.16840,-0.24
100,815.94,43.50,44.79,0.22,3.42000,18.52800,0.34
100,815.94,43.50,44.79,-0.94,3.42000,18.56240,-0.30
100,-406.92,43.50,44.60,0.66,3.42000,18.52800,0.55
100,815.94,43.50,44.58,0.66,3.42000,18.52800,0.55
100,815.94,43.50,44.27,-0.37,3.42000,18.52800,-0.33
100,431.52,43.50,44.46,-0.61,3.51000,18.52800,-0.08
100,815.94,43.50,43.99,0.60,3.51000,17.56480,0.45
100,815.94,43.50,44.17,-0.57,3.51000,17.56480,-0.31
100,815.94,43.50,43.88,-0.57,3.51000,2.73840,-0.31
100,699.64,43.50,44.11,-0.22,3.51000,17.56480,-0.10
100,815.94,43.50,43.72,0.45,3.51000,17.56480,0.09
100,-815.94,43.50,44.01,-0.16,3.51000,17.56480,-0.01
100,-815.94,43.50,44.11,-0.16,3.51000,17.56480,-0.01
100,200.00,43.50,43.67,0.04,3.51000,17.56480,-0.06
100,200.00,43.50,43.74,-0.33,3.51000,17.54760,-0.02
100,200.00,43.50,43.74,-0.01,3.51000,17.51320,-0.03
100,463.65,43.50,43.82,0.01,3.51000,17.51320,0.10
100,200.00,43.50,43.35,0.01,3.51000,3.32320,0.10
100,815.94,43.50,43.26,-0.44,3.51000,17.61640,-0.27
100,-815.94,43.50,44.27,0.62,3.51000,17.56480,0.28
100,815.94,43.50,43.01,-0.69,3.51000,17.56480,-0.51
100,-815.94,43.50,44.19,-0.69,3.51000,17.56480,-0.51
100,815.94,43.50,43.25,0.93,3.51000,7.52000,0.56
100,815.94,43.50,43.63,-1.18,3.51000,17.56480,-0.45
100,346.07,43.50,43.56,1.03,3.51000,17.59920,0.63
100,815.94,43.50,43.25,-1.00,3.51000,17.56480,-0.96
100,-815.94,43.50,44.11,-1.00,3.51000,17.56480,-0.96
100,815.94,43.50,43.03,0.90,3.51000,17.56480,0.80
100,-815.94,43.50,44.19,-0.66,3.51000,17.56480,-0.33
100,815.94,43.50,43.04,0.21,3.51000,17.56480,-0.38
100,-815.94,43.50,43.93,0.18,3.60000,17.56480,0.96
100,815.94,43.50,43.31,0.18,3.51000,17.56480,0.96
100,815.94,43.50,43.58,-0.58,3.60000,17.56480,-0.94
100,-815.94,43.50,43.61,0.92,3.60000,17.56480,0.73
100,815.94,43.50,43.29,-1.02,3.60000,17.56480,-0.81
100,-815.94,43.50,43.99,-1.02,3.60000,17.56480,-0.81
100,815.94,43.50,43.09,0.81,3.60000,17.56480,0.74
100,-815.94,43.50,44.11,-0.48,3.60000,17.56480,-0.13
100,815.94,43.50,42.98,-0.09,3.60000,17.56480,-0.72
100,-815.94,43.50,44.11,0.57,3.60000,17.56480,1.13
100,815.94,43.50,43.04,0.57,3.60000,3.68440,1.13
100,-815.94,43.50,43.90,-0.84,3.60000,17.56480,-0.78
100,815.94,43.50,43.25,1.02,3.60000,17.54760,0.86
100,815.94,43.50,43.55,-0.87,3.60000,17.59920,-0.86
100,710.67,43.50,43.48,-0.87,3.60000,17.59920,-0.86
100,815.94,43.50,43.46,0.22,3.60000,17.56480,0.22
100,-815.94,43.50,43.69,0.46,3.60000,17.59920,1.05
100,815.94,43.50,43.22,-0.86,3.60000,17.56480,-0.92
100,-815.94,43.50,43.93,1.00,3.60000,17.56480,0.83
100,815.94,43.50,43.07,1.00,3.60000,2.42880,0.83
100,-815.94,43.50,44.09,-0.75,3.60000,17.56480,-0.73
100,815.94,43.50,42.96,0.30,3.60000,17.56480,-0.36
100,-815.94,43.50,44.05,0.17,3.60000,17.56480,1.13
100,815.94,43.50,43.00,0.17,3.60000,17.56480,1.13
100,200.00,43.50,43.96,-0.64,3.60000,17.56480,-1.01
100,815.94,43.50,43.08,0.93,3.60000,17.56480,0.97
100,-105.48,43.50,43.78,-0.79,3.60000,17.56480,-0.66
100,815.94,43.50,43.23,0.31,3.60000,17.56480,-0.18
100,815.94,43.50,43.49,0.31,3.60000,2.53200,-0.18
100,-815.94,43.50,43.62,0.23,3.60000,17.56480,0.90
100,815.94,43.50,43.21,-0.63,3.60000,17.56480,-0.95
100,-815.94,43.50,43.97,0.96,3.60000,17.56480,0.85
100,815.94,43.50,43.00,0.96,3.60000,17.56480,0.85
100,-815.94,43.50,44.00,-0.94,3.60000,17.56480,-0.93
100,815.94,43.50,43.03,0.60,3.60000,17.56480,0.59
100,-815.94,43.50,44.09,-0.11,3.60000,17.56480,0.38
100,815.94,43.50,43.00,-0.38,3.60000,17.56480,-1.08
100,-815.94,43.50,43.92,-0.38,3.60000,3.52960,-1.08
100,815.94,43.50,43.16,0.79,3.60000,17.56480,0.89
100,793.22,43.50,43.71,-0.94,3.60000,17.56480,-0.92
100,815.94,43.50,43.37,0.78,3.60000,17.54760,0.78
100,815.94,43.50,43.46,0.78,3.60000,17.54760,0.78
100,-815.94,43.50,43.69,-0.31,3.60000,17.56480,-0.15
100,815.94,43.50,43.17,-0.34,3.60000,17.56480,-1.12
100,-815.94,43.50,43.89,0.78,3.60000,17.56480,1.24
100,815.94,43.50,43.09,-0.93,3.60000,17.56480,-0.91
100,-815.94,43.50,44.03,-0.93,3.60000,2.39440,-0.91
100,815.94,43.50,43.03,0.78,3.60000,17.56480,0.81
100,-815.94,43.50,44.03,-0.41,3.60000,17.53040,-0.21
100,815.94,43.50,42.98,-0.25,3.60000,17.56480,-0.84
100,-815.94,43.50,43.98,-0.25,3.60000,17.56480,-0.84
100,200.00,43.50,43.07,0.72,3.60000,17.56480,1.18
100,-815.94,43.50,43.83,-0.92,3.60000,17.49600,-0.99
100,815.94,43.50,43.27,0.87,3.60000,17.56480,0.70
100,815.94,43.50,43.61,-0.55,3.60000,17.56480,-0.34
100,456.20,43.50,43.46,-0.55,3.60000,1.70640,-0.34
100,815.94,43.50,43.39,-0.13,3.60000,7.53720,-0.96
100,-815.94,43.50,43.73,0.71,3.60000,17.56480,1.27
100,815.94,43.50,43.23,-0.86,3.60000,17.56480,-0.96
100,-815.94,43.50,43.87,0.88,3.60000,17.56480,0.96
100,815.94,43.50,43.03,0.88,3.60000,17.56480,0.96
100,-815.94,43.50,44.05,-0.74,3.60000,17.56480,-0.65
100,815.94,43.50,42.99,0.34,3.60000,17.53040,-0.12
100,-815.94,43.50,44.07,0.21,3.60000,17.56480,0.99
100,815.94,91.76,43.29,0.21,3.60000,17.56480,0.99
100,815.94,91.76,44.40,-0.41,3.60000,17.56480,-1.19
100,815.94,91.76,47.46,1.69,3.51000,17.56480,1.04
100,815.94,91.76,51.83,4.24,3.42000,17.56480,0.17
100,815.94,91.76,57.08,5.82,3.24000,17.56480,1.07
100,815.94,91.76,62.94,5.82,3.15000,1.50000,1.07
100,815.94,91.76,68.98,6.83,2.88000,18.18400,0.12
100,815.94,91.76,75.91,7.38,2.70000,7.57160,1.07
100,-815.94,91.76,79.50,6.41,2.43000,18.85480,0.27
100,815.94,91.76,77.63,-1.15,2.16000,18.85480,-0.23
100,815.94,91.76,77.18,-1.15,1.98000,18.52800,-0.23
100,815.94,91.76,78.55,-0.49,1.71000,18.20120,-0.63
100,815.94,91.76,80.85,2.03,1.53000,17.87440,-0.32
100,815.94,91.76,84.24,3.53,1.35000,18.87200,0.30
100,-815.94,91.76,86.61,3.53,1.17000,18.87200,0.30
100,815.94,91.76,85.08,3.04,0.99000,18.85480,0.06
100,815.94,91.76,85.42,-1.52,0.81000,18.52800,-0.31
100,815.94,91.76,87.17,1.21,0.63000,18.20120,-0.66
100,-815.94,91.76,88.50,2.17,0.54000,18.20120,-0.02
100,815.94,91.76,87.64,2.17,0.45000,4.28640,-0.02
100,815.94,91.76,88.79,-0.78,0.36000,17.89160,-0.33
100,815.94,91.76,89.18,1.64,0.27000,18.85480,-0.53
100,815.94,91.76,89.20,-0.54,0.27000,18.85480,-0.67
100,-815.94,91.76,89.96,-0.54,0.27000,18.85480,-0.67
100,815.94,91.76,89.66,0.85,0.27000,18.85480,0.02
100,-815.94,91.76,90.56,0.02,0.27000,18.85480,-0.29
100,815.94,91.76,90.06,0.06,0.27000,18.85480,0.13
100,-815.94,91.76,90.81,0.81,0.27000,18.85480,0.32
100,815.94,91.76,90.39,0.81,0.27000,4.44120,0.32
100,-758.38,91.76,90.91,-0.32,0.18000,18.85480,-0.05
100,815.94,91.76,90.66,-0.01,0.18000,18.85480,-0.06
100,200.00,91.76,91.12,0.71,0.18000,18.83760,0.09
100,815.94,91.76,90.57,0.71,0.18000,18.83760,0.09
100,-815.94,91.76,91.55,-0.61,0.18000,18.85480,-0.47
100,200.00,91.76,91.65,1.05,0.18000,18.85480,0.39
100,200.00,91.76,91.06,-0.31,0.18000,18.85480,-0.30
100,815.94,91.76,90.65,-0.75,0.18000,18.85480,0.05
100,200.00,91.76,91.79,-0.75,0.09000,4.80240,0.05
100,200.00,91.76,92.15,1.24,0.09000,18.85480,0.24
100,200.00,91.76,91.34,-0.12,0.09000,18.85480,-0.12
100,815.94,91.76,90.49,-1.20,0.09000,18.85480,-0.35
100,815.94,91.76,91.39,-1.20,0.09000,18.85480,-0.35
100,200.00,91.76,92.57,0.79,0.00000,18.85480,0.20
100,200.00,91.76,92.12,0.97,0.00000,18.78600,0.41
100,200.00,91.76,91.00,-0.91,0.00000,18.85480,-0.40
100,815.94,91.76,90.80,-0.77,0.00000,18.85480,-0.02
100,200.00,91.76,92.02,-0.77,0.00000,4.42400,-0.02
100,200.00,91.76,92.00,1.26,-0.09000,18.85480,0.41
100,200.00,91.76,91.11,-0.44,-0.09000,19.83520,-0.40
100,815.94,91.76,90.59,-1.08,-0.09000,19.81800,-0.21
100,200.00,91.76,91.81,-1.08,-0.09000,19.81800,-0.21
100,200.00,91.76,92.49,1.22,-0.09000,19.81800,0.39
100,200.00,91.76,91.80,0.44,-0.18000,18.61400,0.09
100,815.94,91.76,90.69,-1.09,-0.09000,18.52800,-0.44
100,815.94,91.76,91.10,-0.24,-0.09000,18.52800,0.30
100,200.00,91.76,92.44,-0.24,-0.18000,4.02840,0.30
100,200.00,91.76,92.22,1.38,-0.18000,18.52800,0.08
100,200.00,91.76,91.23,-0.60,-0.18000,18.52800,-0.26
100,815.94,91.76,90.77,-1.07,-0.18000,18.57960,-0.14
100,200.00,91.76,91.94,-1.07,-0.18000,18.57960,-0.14
100,200.00,91.76,92.19,1.15,-0.18000,18.52800,0.13
100,200.00,91.76,91.38,0.00,-0.18000,18.52800,-0.20
100,815.94,91.76,90.53,-1.14,-0.18000,18.49360,0.07
100,815.94,91.76,91.51,0.43,-0.18000,18.49360,0.17
100,200.00,91.76,92.66,0.43,-0.18000,2.99640,0.17
100,200.00,91.76,92.27,1.25,-0.18000,18.52800,0.01
100,815.94,91.76,91.24,-0.73,-0.18000,18.52800,-0.23
100,200.00,91.76,91.23,-0.63,-0.18000,18.61400,0.06
100,200.00,91.76,90.94,-0.63,-0.18000,18.61400,0.06
100,815.94,91.76,90.99,-0.22,-0.18000,18.52800,-0.20
100,200.00,91.76,92.13,0.37,-0.18000,18.52800,0.23
100,200.00,91.76,91.85,0.70,-0.18000,18.63120,-0.29
100,200.00,91.76,91.02,-0.83,-0.18000,18.63120,0.25
100,815.94,91.76,90.74,-0.83,-0.18000,3.63280,0.25
100,200.00,91.76,92.15,-0.28,-0.18000,18.52800,0.19
100,200.00,91.76,92.52,1.53,-0.18000,18.57960,0.05
100,200.00,91.76,91.82,-0.39,-0.18000,18.52800,-0.18
100,815.94,91.76,91.01,-0.39,-0.18000,18.52800,-0.18
100,200.00,91.76,91.11,-0.95,-0.18000,7.53720,0.13
100,815.94,91.76,90.75,0.02,-0.18000,18.40760,-0.11
100,200.00,91.76,91.63,-0.06,-0.18000,18.52800,0.24
100,200.00,91.76,92.20,1.16,-0.18000,18.52800,-0.09
100,200.00,91.76,91.54,1.16,-0.18000,32.54600,-0.09
100,815.94,91.76,90.61,-0.70,-0.18000,18.52800,0.17
100,815.94,91.76,91.24,-0.68,-0.18000,18.63120,-0.23
100,200.00,91.76,92.56,1.54,-0.18000,18.52800,0.14
100,200.00,91.76,92.33,1.54,-0.27000,18.52800,0.14
100,200.00,91.76,91.37,-0.04,-0.18000,18.52800,-0.25
100,200.00,91.76,91.25,-1.10,-0.18000,18.56240,-0.07
100,200.00,91.76,91.03,0.08,-0.18000,18.59680,0.15
100,815.94,91.76,90.85,-0.38,-0.18000,18.59680,0.07
100,200.00,91.76,92.02,-0.38,-0.18000,4.63040,0.07
100,200.00,91.76,92.01,1.19,-0.18000,18.52800,0.10
100,200.00,91.76,91.24,-0.38,-0.18000,18.52800,-0.19
100,815.94,91.76,90.65,-1.00,-0.18000,18.52800,-0.15
100,200.00,91.76,91.80,-1.00,-0.18000,18.52800,-0.15
100,200.00,91.76,92.61,1.10,-0.27000,18.52800,0.45
100,200.00,91.76,92.07,0.59,-0.18000,18.45920,-0.27
100,815.94,91.76,91.11,-0.93,-0.18000,18.52800,-0.09
100,200.00,91.76,91.26,-0.21,-0.18000,18.52800,0.14
100,200.00,91.76,90.89,-0.21,-0.18000,4.35520,0.14
100,815.94,65.87,91.03,-0.42,-0.18000,18.52800,-0.11
100,-815.94,65.87,91.12,0.69,-0.18000,18.52800,0.21
100,-815.94,65.87,87.47,-2.40,-0.09000,18.52800,-0.96
100,815.94,65.87,82.46,-2.40,0.09000,18.52800,-0.96
100,815.94,65.87,80.86,-5.80,0.45000,18.80320,-1.93
100,-815.94,65.87,81.62,-1.15,0.54000,19.18160,-1.70
100,-815.94,65.87,79.24,-0.27,0.63000,18.21840,3.16
100,815.94,65.87,76.10,-4.00,0.90000,18.21840,-0.49
100,815.94,65.87,76.25,-4.00,0.99000,3.04800,-0.49
100,-815.94,65.87,75.99,0.10,0.99000,18.52800,0.64
100,815.94,65.87,73.14,-1.63,1.08000,18.52800,-0.51
100,815.94,65.87,73.08,-1.73,1.26000,18.52800,0.05
100,-815.94,65.87,72.98,-1.73,1.26000,18.52800,0.05
100,815.94,65.87,71.11,0.06,1.35000,18.85480,0.56
100,-815.94,65.87,71.73,-1.54,1.44000,18.85480,-0.53
100,815.94,65.87,69.97,-0.32,1.44000,18.85480,1.07
100,-815.94,65.87,70.38,-0.67,1.44000,18.85480,-0.68
100,815.94,65.87,69.38,-0.67,1.53000,3.78760,-0.68
100,815.94,65.87,68.97,-0.89,1.53000,18.85480,0.61
100,-815.94,65.87,69.02,0.30,1.53000,17.89160,-0.09
100,815.94,65.87,68.34,-1.16,1.62000,17.92600,-0.21
100,-815.94,65.87,68.49,-1.16,1.62000,17.92600,-0.21
100,815.94,65.87,67.53,0.21,1.62000,17.89160,0.82
100,-815.94,65.87,68.20,-0.63,1.71000,17.87440,-0.50
100,815.94,65.87,66.98,-0.40,1.71000,17.89160,0.09
100,-815.94,65.87,67.86,0.49,1.71000,17.89160,0.17
100,815.94,65.87,66.77,0.49,1.71000,4.28640,0.17
100,-815.94,65.87,67.54,-0.90,1.71000,17.87440,-0.50
100,815.94,65.87,66.52,0.29,1.80000,19.18160,0.93
100,-815.94,65.87,67.30,-0.01,1.80000,19.18160,-0.02
100,815.94,65.87,66.27,-0.01,1.80000,19.18160,-0.02
100,200.00,65.87,66.38,-0.73,1.80000,19.18160,-0.46
100,200.00,65.87,66.20,0.08,1.80000,19.18160,0.15
100,200.00,65.87,66.18,-0.31,1.80000,18.20120,-0.07
100,-670.19,65.87,66.77,0.22,1.80000,18.20120,-0.07
100,815.94,65.87,66.17,0.22,1.80000,3.15120,-0.07
100,200.00,65.87,66.26,-0.34,1.80000,18.20120,-0.64
100,200.00,65.87,66.23,0.06,1.80000,18.20120,0.23
100,200.00,65.87,66.23,-0.01,1.80000,18.14960,-0.01
100,200.00,65.87,66.49,-0.01,1.80000,18.14960,-0.01
100,200.00,65.87,66.18,0.22,1.89000,18.20120,0.15
100,200.00,65.87,66.03,-0.35,1.89000,18.08080,-0.37
100,-257.69,65.87,66.37,-0.06,1.89000,18.21840,0.16
100,200.00,65.87,66.42,0.39,1.89000,18.21840,0.04
100,200.00,65.87,66.11,0.39,1.89000,4.08000,0.04
100,815.94,65.87,66.02,-0.34,1.89000,18.20120,0.22
100,200.00,65.87,66.03,0.15,1.89000,18.20120,-0.06
100,200.00,65.87,65.76,-0.38,1.89000,18.20120,0.11
100,200.00,65.87,65.57,-0.38,1.89000,18.20120,0.11
100,815.94,65.87,65.83,-0.22,1.89000,18.20120,-0.16
100,-815.94,65.87,66.51,0.63,1.89000,18.20120,0.13
100,200.00,65.87,65.22,-0.57,1.89000,18.32160,-0.59
100,815.94,65.87,65.32,-0.44,1.89000,18.32160,-0.12
100,-815.94,65.87,66.94,-0.44,1.89000,3.15120,-0.12
100,815.94,65.87,65.42,1.54,1.89000,18.20120,0.69
100,815.94,65.87,65.15,-1.76,1.98000,18.20120,-0.66
100,-815.94,65.87,66.86,1.14,1.89000,18.14960,0.64
100,815.94,65.87,65.86,1.14,1.89000,18.14960,0.64
100,815.94,65.87,64.99,-0.42,1.98000,18.20120,-1.24
100,200.00,65.87,66.47,-0.49,1.98000,18.21840,0.84
100,-815.94,65.87,66.29,1.59,1.89000,18.20120,0.00
100,815.94,65.87,64.93,-1.81,1.98000,18.20120,-0.37
100,815.94,65.87,65.91,-1.81,1.98000,3.89080,-0.37
100,-815.94,65.87,66.83,1.11,1.89000,18.20120,0.18
100,815.94,65.87,64.98,-0.31,1.98000,18.18400,-0.81
100,815.94,65.87,65.47,-0.75,1.98000,18.20120,0.87
100,-815.94,65.87,67.02,-0.75,1.89000,18.20120,0.87
100,815.94,65.87,65.30,1.67,1.98000,18.20120,-0.24
100,815.94,65.87,65.26,-1.82,1.98000,18.20120,-0.44
100,-815.94,65.87,66.90,1.05,1.98000,18.20120,0.20
100,815.94,65.87,65.50,-0.34,1.98000,18.20120,-0.81
100,815.94,65.87,65.06,-0.34,1.98000,3.20280,-0.81
100,200.00,65.87,66.64,-0.55,1.98000,18.21840,0.72
100,-152.92,65.87,66.01,1.61,1.98000,18.20120,-0.07
100,815.94,65.87,65.02,-1.70,1.98000,18.20120,-0.34
100,815.94,65.87,66.13,-1.70,1.98000,18.20120,-0.34
100,-815.94,65.87,66.41,1.01,1.98000,18.20120,0.15
100,815.94,65.87,65.01,-0.44,1.98000,18.25280,-0.67
100,815.94,65.87,65.63,-0.60,1.98000,18.16680,0.53
100,-815.94,65.87,66.87,1.69,1.98000,18.16680,-0.08
100,200.00,65.87,65.31,1.69,1.98000,2.99640,-0.08
100,815.94,65.87,65.26,-1.56,1.98000,18.20120,-0.47
100,-815.94,65.87,66.91,0.65,1.98000,18.20120,0.14
100,815.94,65.87,65.63,0.35,1.98000,7.50280,-0.12
100,815.94,65.87,65.10,0.35,1.98000,7.50280,-0.12
100,200.00,65.87,66.49,-0.99,1.98000,18.20120,0.75
100,815.94,65.87,66.01,1.59,1.98000,18.20120,-0.22
100,815.94,65.87,65.11,-1.35,1.98000,18.20120,-0.42
100,815.94,65.87,65.83,0.16,1.98000,18.20120,0.17
100,-815.94,65.87,66.61,0.16,1.98000,3.27160,0.17
100,200.00,65.87,65.39,0.71,1.98000,18.20120,0.13
100,815.94,65.87,65.22,-1.15,1.98000,18.20120,0.59
100,-815.94,65.87,66.75,1.06,1.98000,18.20120,-0.31
100,815.94,65.87,65.73,1.06,1.98000,18.20120,-0.31
100,815.94,65.87,65.11,-0.51,1.98000,18.20120,-0.58
100,815.94,65.87,66.00,-0.48,1.98000,18.08080,0.30
100,-815.94,65.87,66.57,1.58,1.98000,18.20120,0.34
100,200.00,65.87,65.45,-1.25,1.98000,18.20120,-0.74
100,815.94,65.87,65.19,-1.25,1.98000,3.99400,-0.74
100,200.00,65.87,66.59,-0.20,1.98000,18.20120,0.05
100,815.94,65.87,65.86,1.30,1.98000,18.25280,0.47
100,200.00,102.94,65.42,-1.07,1.98000,18.20120,0.01
100,815.94,102.94,66.21,-1.07,1.98000,18.20120,0.01
100,815.94,102.94,68.92,0.66,1.89000,18.20120,-0.23
100,815.94,102.94,72.66,3.34,1.80000,18.18400,0.98
100,815.94,102.94,77.08,4.71,1.62000,18.21840,0.79
100,815.94,102.94,81.72,5.56,1.53000,18.21840,0.16
100,815.94,102.94,87.05,5.56,1.35000,1.50000,0.16
100,-815.94,102.94,89.22,6.04,1.08000,18.85480,0.73
100,815.94,102.94,88.30,0.39,0.99000,18.52800,0.17
100,815.94,102.94,89.33,0.38,0.81000,18.52800,-0.06
100,815.94,102.94,91.60,0.38,0.54000,33.57800,-0.06
100,815.94,102.94,94.53,2.59,0.36000,19.23320,-0.28
100,815.94,102.94,95.07,3.37,0.27000,17.87440,-0.22
100,815.94,102.94,94.62,-0.83,0.18000,18.85480,-1.13
100,815.94,102.94,95.62,-0.83,0.00000,18.85480,-1.13
100,815.94,102.94,97.88,1.00,-0.09000,18.85480,-0.49
100,815.94,102.94,98.21,2.61,-0.18000,18.52800,0.79
100,815.94,102.94,98.11,-0.62,-0.27000,18.61400,-0.23
100,-499.95,102.94,99.66,1.33,-0.36000,18.61400,-0.11
100,815.94,102.94,99.37,1.33,-0.45000,3.52960,-0.11
