SL_PWM,U,SL_position,SL_speed,Sprung_acceleration_x
-815.94,90.00,91.30,0.00,10.03
815.94,145.70,91.49,0.39,0.06
815.94,145.70,95.17,0.62,0.17
815.94,145.70,101.01,3.31,0.18
815.94,145.70,107.87,5.02,0.30
815.94,145.70,115.67,6.03,0.46
815.94,147.86,124.38,6.72,0.85
815.94,147.86,133.62,7.24,0.87
815.94,147.86,143.51,7.74,1.05
815.94,147.86,154.39,8.38,0.96
815.94,147.86,166.43,9.13,0.79
-815.94,88.92,177.70,9.73,0.49
-815.94,88.92,180.05,9.08,-0.38
-815.94,88.92,175.30,0.94,-0.93
-815.94,88.92,165.45,-4.89,-1.65
-815.94,88.92,152.02,-8.63,-1.90
-815.94,88.92,136.39,-11.39,-1.11
-815.94,59.46,121.91,-11.71,-2.02
-815.94,59.46,104.58,-11.52,-3.52
-815.94,59.46,82.93,-12.36,-4.85
-815.94,59.46,51.12,-14.52,-3.91
-815.94,44.72,2.47,-16.97,7.54
815.94,44.72,-11.33,-14.21,5.95
815.94,44.72,-13.38,-9.32,3.35
815.94,44.72,-8.22,-0.64,1.55
815.94,97.37,1.86,5.23,-1.05
815.94,97.37,15.00,8.83,-2.62
815.94,97.37,30.77,11.00,-2.46
815.94,97.37,45.83,12.58,-1.29
815.94,97.37,60.76,11.71,1.51
815.94,63.68,76.33,11.88,2.28
815.94,63.68,81.35,12.47,1.41
815.94,63.68,95.48,11.97,1.07
815.94,63.68,108.29,10.95,1.24
815.94,63.68,119.78,10.50,1.18
-815.94,63.68,128.94,9.41,1.17
-815.94,46.84,127.73,6.76,0.85
-815.94,46.84,119.05,-1.96,-0.24
-815.94,46.84,105.76,-7.87,-1.85
-815.94,46.84,90.35,-11.17,-3.41
-815.94,46.84,75.70,-12.06,-4.65
-815.94,38.41,59.30,-11.53,-5.60
-815.94,38.41,37.17,-12.39,-4.60
-815.94,38.41,12.27,-14.82,3.09
815.94,38.41,-3.53,-14.33,5.86
815.94,34.20,-7.99,-10.46,4.49
815.94,34.20,-4.49,-2.22,2.40
815.94,34.20,4.58,4.22,0.35
815.94,34.20,17.10,8.20,-2.51
815.94,34.20,32.39,10.70,-2.56
815.94,34.20,47.83,12.22,-1.74
815.94,92.11,62.84,12.02,0.74
815.94,92.11,78.45,11.86,2.24
-815.94,92.11,89.14,12.48,1.44
-815.94,92.11,88.18,7.42,1.07
815.94,92.11,80.70,-1.75,0.34
815.94,61.05,78.33,-6.21,-0.73
-815.94,61.05,81.10,-1.29,-1.61
-815.94,61.05,78.53,2.26,-0.54
-815.94,61.05,69.54,-3.32,-0.30
815.94,61.05,61.11,-8.09,-0.78
815.94,61.05,60.21,-5.93,-1.60
815.94,105.53,64.60,0.37,-0.60
815.94,105.53,72.33,4.54,1.39
815.94,105.53,81.69,6.80,1.87
815.94,105.53,92.06,8.02,1.20
815.94,105.53,102.64,8.70,0.72
-455.38,127.77,113.28,8.85,0.64
-815.94,127.77,116.82,8.42,0.66
815.94,127.77,115.90,0.75,0.36
815.94,127.77,118.54,0.26,-0.03
815.94,127.77,123.43,2.98,-0.28
-815.94,127.77,127.69,4.65,-0.25
815.94,138.89,125.83,1.12,-0.30
815.94,138.89,127.55,-0.63,-0.57
815.94,138.89,132.09,2.62,-0.60
-815.94,138.89,138.12,4.46,-0.13
-815.94,138.89,138.29,4.31,0.20
-815.94,84.44,134.25,-2.87,-0.17
-815.94,84.44,126.68,-3.66,-1.06
-815.94,84.44,114.52,-8.01,-1.61
-815.94,84.44,99.09,-11.01,-3.15
815.94,84.44,85.43,-12.26,-4.39
815.94,57.22,79.70,-9.45,-4.14
815.94,57.22,79.93,-2.76,0.79
-815.94,57.22,82.99,1.50,5.58
-815.94,57.22,79.83,1.11,4.55
-815.94,57.22,70.25,-5.45,1.77
815.94,57.22,58.74,-9.54,-0.86
815.94,103.61,54.41,-7.27,-1.38
815.94,103.61,56.71,-0.58,-0.71
815.94,103.61,63.45,4.08,1.38
815.94,103.61,72.55,6.83,1.46
815.94,103.61,83.08,8.32,1.02
815.94,126.81,94.28,9.06,0.84
815.94,126.81,105.48,9.32,0.82
815.94,126.81,116.41,9.22,0.74
815.94,126.81,126.96,8.93,0.89
815.94,126.81,137.30,8.66,1.09
-815.94,126.81,143.17,7.87,1.16
-815.94,138.41,139.30,0.02,0.33
815.94,138.41,129.69,-6.50,-1.08
815.94,138.41,124.79,-6.76,-2.98
815.94,138.41,126.50,-0.53,-2.30
815.94,138.41,131.91,3.61,-0.13
815.94,84.20,139.07,5.50,0.53
-815.94,84.20,142.94,5.43,0.58
-815.94,84.20,138.04,-1.96,0.21
-815.94,84.20,127.34,-7.48,-1.22
-815.94,84.20,112.46,-10.86,-2.34
-815.94,84.20,97.49,-12.22,-3.98
-815.94,57.10,81.81,-10.84,-4.94
-815.94,57.10,61.10,-12.24,-3.53
815.94,57.10,42.91,-13.82,1.90
815.94,57.10,37.25,-11.20,6.35
815.94,57.10,39.18,-3.79,5.11
815.94,43.54,46.44,2.62,2.23
815.94,43.54,57.28,6.55,-0.15
-815.94,43.54,69.59,9.34,-0.47
-815.94,43.54,73.82,9.76,0.36
-815.94,43.54,69.76,1.94,0.50
-815.94,36.77,60.02,-4.64,-0.25
-815.94,36.77,46.63,-8.74,-0.46
-815.94,36.77,31.11,-11.44,-0.08
815.94,36.77,19.93,-12.27,0.53
815.94,36.77,18.30,-8.39,0.44
815.94,33.38,23.27,-0.39,0.11
815.94,33.38,33.08,5.05,-0.37
815.94,33.38,46.08,8.60,-0.34
-815.94,33.38,55.33,10.70,-0.15
-815.94,33.38,55.07,6.42,0.14
-815.94,33.38,48.33,-0.99,0.17
-815.94,31.69,37.36,-6.18,0.04
-815.94,31.69,22.96,-9.11,0.04
815.94,31.69,13.93,-11.60,-0.07
815.94,31.69,14.61,-6.21,0.61
815.94,31.69,21.69,1.41,0.15
815.94,90.85,32.93,6.37,-0.86
815.94,90.85,46.87,9.40,-0.70
815.94,90.85,62.85,11.95,-0.49
815.94,90.85,77.98,12.63,0.63
-815.94,90.85,91.41,11.82,1.26
-815.94,60.42,93.73,10.26,0.95
-815.94,60.42,87.86,0.75,0.25
-815.94,60.42,76.38,-5.94,-0.35
815.94,60.42,61.20,-9.74,-1.66
815.94,60.42,50.80,-12.15,-2.03
815.94,60.42,48.87,-7.41,-1.31
815.94,105.22,52.80,-0.80,0.72
815.94,105.22,61.15,4.14,1.45
815.94,105.22,72.14,7.35,0.59
815.94,105.22,84.47,9.36,0.64
815.94,105.22,97.30,10.33,0.99
815.94,67.60,109.99,10.66,1.07
-815.94,67.60,119.64,10.52,1.02
-815.94,67.60,118.45,6.70,0.89
-815.94,67.60,109.49,-2.49,0.22
-815.94,67.60,95.98,-8.08,-0.96
-815.94,67.60,80.56,-11.58,-2.25
-815.94,108.81,65.41,-11.59,-3.49
815.94,108.81,51.82,-11.66,-3.97
815.94,108.81,47.55,-10.07,-0.28
815.94,108.81,49.98,-2.65,4.38
815.94,108.81,57.53,2.96,2.89
815.94,69.40,68.36,6.81,0.53
815.94,69.40,81.13,9.32,0.09
815.94,69.40,95.37,10.37,0.70
815.94,69.40,109.64,11.39,0.98
-815.94,69.40,122.06,11.29,1.03
-815.94,49.70,123.41,9.38,1.04
-815.94,49.70,116.15,0.02,0.55
-815.94,49.70,103.57,-6.70,-0.46
-815.94,49.70,88.02,-10.74,-2.26
-815.94,49.70,73.26,-12.15,-3.06
-815.94,39.84,55.35,-11.49,-3.71
-815.94,39.84,36.16,-13.26,0.05
-815.94,39.84,19.82,-12.98,4.32
815.94,39.84,8.04,-11.25,3.37
815.94,39.84,7.27,-8.46,2.40
815.94,94.93,13.93,0.31,1.15
815.94,94.93,25.05,6.05,-1.42
815.94,94.93,39.67,9.39,-3.59
815.94,94.93,55.25,11.91,-4.05
815.94,94.93,69.61,12.27,-3.41
815.94,122.47,84.68,11.23,1.10
815.94,122.47,99.55,11.23,3.68
815.94,122.47,114.78,11.56,2.82
815.94,122.47,130.10,12.28,2.23
-815.94,122.47,143.87,11.91,1.44
-815.94,122.47,147.58,10.76,1.31
-815.94,76.23,142.04,1.70,0.80
-815.94,76.23,130.44,-5.67,-0.54
-815.94,76.23,114.91,-9.90,-2.99
-815.94,76.23,100.11,-11.95,-4.61
-815.94,76.23,83.85,-11.96,-5.38
815.94,113.12,64.57,-12.05,-4.05
815.94,113.12,52.86,-13.71,3.30
815.94,113.12,50.54,-8.54,5.90
815.94,113.12,55.09,-0.93,3.86
815.94,113.12,64.58,4.70,1.17
815.94,71.56,77.17,8.36,-0.94
815.94,71.56,92.19,10.39,-0.44
815.94,71.56,107.68,12.08,0.19
815.94,71.56,122.92,12.26,0.62
-815.94,71.56,132.73,12.01,1.09
-815.94,50.78,131.11,6.65,0.84
-815.94,50.78,122.03,-2.34,0.46
-815.94,50.78,108.42,-8.24,-0.71
-815.94,50.78,93.20,-11.38,-2.25
-815.94,50.78,78.47,-11.34,-2.77
-815.94,50.78,60.74,-11.79,-2.39
-815.94,100.39,43.40,-12.79,2.17
815.94,100.39,28.25,-12.09,3.61
815.94,100.39,22.54,-11.36,2.59
815.94,100.39,25.58,-3.55,1.87
815.94,100.39,34.59,3.67,0.29
815.94,65.19,47.29,8.06,-2.94
815.94,65.19,62.97,10.49,-3.78
815.94,65.19,77.92,12.71,-3.66
815.94,65.19,92.34,11.21,-1.15
815.94,65.19,107.23,11.58,2.79
-815.94,47.59,119.59,11.13,3.65
-815.94,47.59,121.12,9.57,2.09
-815.94,47.59,114.27,0.20,0.99
-815.94,47.59,102.42,-6.33,-0.33
-815.94,47.59,87.01,-10.02,-2.27
-815.94,98.80,72.32,-11.98,-2.26
-815.94,98.80,56.92,-11.74,-0.71
-815.94,98.80,41.65,-11.34,2.50
815.94,98.80,28.62,-11.18,2.36
815.94,98.80,26.17,-9.71,2.05
815.94,64.40,31.71,-0.86,0.88
815.94,64.40,42.13,5.56,-1.40
815.94,64.40,55.69,9.08,-3.13
815.94,64.40,71.33,11.38,-3.54
815.94,64.40,85.69,12.23,-3.20
815.94,64.40,100.73,11.17,0.38
-815.94,107.21,111.77,11.18,3.90
-815.94,107.21,112.07,8.27,2.76
-815.94,107.21,104.83,-0.72,1.24
815.94,107.21,93.56,-6.60,-0.68
815.94,107.21,87.57,-9.38,-1.10
815.94,68.60,88.66,-4.10,-0.69
815.94,68.60,94.95,1.84,0.19
-815.94,68.60,99.83,5.83,0.37
-815.94,68.60,96.45,2.56,-0.04
-815.94,68.60,87.43,-4.08,0.05
-815.94,68.60,74.58,-8.21,-0.10
815.94,109.31,61.73,-11.03,-0.03
815.94,109.31,57.84,-9.36,0.04
815.94,109.31,61.22,-1.86,0.03
815.94,109.31,69.72,4.00,0.06
815.94,109.31,81.77,7.72,0.09
815.94,129.66,96.70,10.44,0.04
815.94,129.66,112.59,11.76,0.18
815.94,129.66,128.26,12.66,0.80
815.94,129.66,143.33,12.30,0.98
-815.94,129.66,156.41,11.84,0.79
-815.94,139.84,158.27,9.95,1.03
-815.94,139.84,151.19,0.39,0.65
-815.94,139.84,138.58,-6.61,-0.42
815.94,139.84,125.18,-10.70,-2.49
815.94,139.84,120.06,-10.21,-3.08
815.94,139.84,121.16,-3.46,-2.69
815.94,84.91,126.35,1.71,0.13
-815.94,84.91,132.50,4.73,2.90
-815.94,84.91,130.32,4.24,1.92
-815.94,84.91,121.35,-3.40,0.40
-815.94,84.91,108.25,-8.24,-1.33
-815.94,117.46,92.62,-11.29,-2.22
815.94,117.46,78.71,-11.66,-2.35
815.94,117.46,72.69,-11.37,-0.15
815.94,117.46,74.09,-4.10,2.66
815.94,117.46,80.96,2.19,1.49
815.94,73.73,91.60,6.29,0.18
815.94,73.73,104.56,9.18,0.11
815.94,73.73,119.14,10.60,0.46
-815.94,73.73,129.92,11.58,0.80
-815.94,73.73,129.56,7.75,0.92
-815.94,73.73,121.59,-1.23,0.21
-815.94,51.86,108.91,-7.28,-0.86
-815.94,51.86,93.44,-10.69,-2.01
-815.94,51.86,78.94,-11.74,-2.02
-815.94,51.86,62.83,-11.50,-0.53
-815.94,51.86,47.25,-11.67,2.81
-815.94,40.93,32.32,-11.41,2.24
815.94,40.93,17.70,-11.70,2.37
815.94,40.93,12.63,-11.40,2.01
815.94,40.93,16.50,-2.99,1.17
815.94,40.93,25.97,4.35,-0.79
815.94,35.46,38.85,8.30,-4.09
-815.94,35.46,54.00,10.76,-4.82
-815.94,35.46,61.63,11.60,-4.90
-815.94,35.46,61.30,5.50,-2.47
-815.94,35.46,56.47,-0.83,3.26
-815.94,35.46,48.48,-4.41,5.00
-815.94,92.74,38.52,-6.87,3.07
815.94,92.74,31.71,-8.53,1.85
815.94,92.74,33.86,-4.60,1.13
815.94,92.74,42.09,2.91,-0.67
815.94,92.74,54.23,7.51,-3.05
815.94,121.38,69.58,10.10,-3.22
815.94,121.38,84.71,12.49,-3.51
815.94,121.38,99.30,11.35,-1.98
815.94,121.38,115.46,11.60,3.02
815.94,121.38,130.43,11.95,3.45
-815.94,75.68,145.20,11.47,2.49
-815.94,75.68,150.84,11.79,1.47
-815.94,75.68,146.77,3.31,1.05
-815.94,75.68,136.16,-4.55,-0.02
-815.94,75.68,121.01,-9.05,-1.89
-815.94,112.85,106.26,-11.98,-3.01
-815.94,112.85,90.10,-11.65,-3.75
-815.94,112.85,70.89,-12.10,-0.56
815.94,112.85,54.13,-13.23,4.40
815.94,112.85,47.98,-11.66,3.35
815.94,71.42,50.87,-3.94,2.24
815.94,71.42,59.68,3.58,0.64
815.94,71.42,72.21,7.85,-2.28
815.94,71.42,87.63,10.44,-2.89
815.94,71.42,102.68,12.48,-2.38
-815.94,71.42,115.74,11.23,0.25
-815.94,110.72,119.11,10.37,2.28
-815.94,110.72,114.77,1.75,1.68
-815.94,110.72,104.90,-4.65,-0.32
815.94,110.72,91.55,-8.65,-0.37
815.94,110.72,82.23,-10.97,0.19
815.94,130.37,81.57,-6.56,0.24
815.94,130.37,86.75,0.18,0.04
815.94,130.37,96.47,5.05,-0.09
815.94,130.37,109.19,8.51,0.05
815.94,130.37,124.14,10.42,-0.04
815.94,80.18,139.59,12.09,0.78
-815.94,80.18,152.00,12.17,1.16
-815.94,80.18,152.84,9.15,0.81
-815.94,80.18,145.30,-0.37,0.42
-815.94,80.18,132.65,-6.99,-0.39
-815.94,80.18,117.03,-10.68,-1.73
-815.94,55.08,102.08,-11.77,-2.30
-815.94,55.08,84.28,-11.70,-2.16
-815.94,55.08,66.54,-13.11,2.05
-815.94,55.08,50.99,-11.84,3.30
-815.94,55.08,35.97,-11.22,2.32
-815.94,42.54,20.37,-12.07,2.58
815.94,42.54,11.68,-12.69,2.17
815.94,42.54,13.28,-5.74,1.23
815.94,42.54,21.42,2.56,-0.88
815.94,42.54,33.36,7.35,-4.00
815.94,36.27,48.44,9.94,-5.26
-815.94,36.27,61.06,12.30,-5.68
-815.94,36.27,64.50,9.31,-4.89
-815.94,36.27,62.18,1.99,0.33
-815.94,36.27,56.40,-2.58,5.57
-815.94,33.13,48.41,-5.25,4.84
-815.94,33.13,38.54,-7.09,2.84
-815.94,33.13,27.79,-8.32,1.85
-815.94,33.13,16.46,-9.03,1.40
815.94,33.13,10.43,-9.34,0.81
815.94,33.13,13.57,-3.38,0.13
815.94,91.57,22.50,4.00,-1.97
815.94,91.57,34.96,8.08,-4.15
815.94,91.57,50.34,10.75,-4.76
815.94,91.57,65.16,12.28,-5.18
815.94,91.57,80.32,11.14,-3.15
815.94,120.79,99.68,12.25,0.21
-815.94,120.79,118.43,13.84,4.58
-815.94,120.79,126.54,12.55,4.54
-815.94,120.79,125.06,5.46,2.22
-815.94,120.79,117.26,-2.35,0.29
815.94,135.40,105.78,-7.15,-0.62
815.94,135.40,100.13,-9.38,-0.34
815.94,135.40,101.32,-3.49,-0.01
815.94,135.40,107.80,2.12,0.07
815.94,135.40,117.93,6.17,-0.04
815.94,135.40,130.47,8.93,0.31
815.94,142.71,144.72,10.66,0.38
-815.94,142.71,158.20,11.08,0.89
-815.94,142.71,161.25,10.36,0.98
-815.94,142.71,155.50,1.30,0.46
-815.94,142.71,143.85,-5.84,-0.09
815.94,146.36,131.05,-9.94,-1.66
815.94,146.36,126.52,-9.82,-2.15
815.94,146.36,128.51,-2.95,-1.69
815.94,146.36,134.96,2.52,0.38
815.94,146.36,143.85,5.83,1.79
815.94,148.19,154.26,7.72,1.23
-815.94,148.19,163.17,8.80,0.80
-815.94,148.19,161.83,6.20,0.80
-815.94,148.19,153.09,-2.56,0.05
815.94,148.19,141.52,-7.94,-1.22
815.94,148.19,136.77,-9.15,-1.70
815.94,149.10,138.26,-2.81,-1.64
815.94,149.10,143.95,2.25,0.22
815.94,149.10,152.11,5.30,1.84
-815.94,149.10,160.25,7.03,1.35
-815.94,149.10,159.34,5.63,0.83
-815.94,149.56,151.07,-2.53,0.05
815.94,149.56,142.65,-7.79,-1.47
815.94,149.56,141.73,-5.62,-1.64
815.94,149.56,145.97,0.61,-0.72
815.94,149.56,153.32,4.49,1.28
-815.94,149.56,158.27,6.48,1.32
-815.94,149.79,154.40,1.77,0.64
815.94,149.79,146.05,-5.10,-0.64
815.94,149.79,143.56,-6.05,-1.15
815.94,149.79,146.48,-0.24,-0.79
815.94,149.79,153.09,3.85,0.83
-815.94,149.90,156.60,5.81,0.93
-815.94,149.90,151.51,-0.39,0.45
815.94,149.90,145.55,-5.98,-0.95
815.94,149.90,146.05,-2.43,-0.71
815.94,149.90,151.14,2.45,0.21
-815.94,149.90,155.53,5.24,0.60
-815.94,149.96,151.51,-0.08,0.38
815.94,149.96,146.29,-5.34,-0.71
815.94,149.96,147.34,-1.33,-0.42
366.86,149.96,152.70,3.17,0.42
-815.94,149.96,153.81,3.70,0.47
815.94,149.99,148.14,-3.19,-0.20
815.94,149.99,147.15,-3.26,-0.24
815.94,149.99,151.16,2.00,0.17
-815.94,149.99,153.27,3.73,0.32
815.94,149.99,148.45,-2.88,-0.24
815.94,149.99,147.70,-2.51,-0.09
815.94,150.00,151.80,2.55,0.12
-815.94,150.00,152.43,2.41,0.15
815.94,150.00,147.75,-3.77,-0.26
815.94,150.00,148.37,-0.70,-0.00
-815.94,150.00,152.80,3.46,0.21
-815.94,150.00,151.11,0.03,-0.08
-815.94,90.00,142.79,-6.01,-0.25
-815.94,90.00,130.21,-9.80,-1.12
-815.94,90.00,114.79,-12.17,-2.16
-815.94,90.00,100.22,-11.00,-1.71
815.94,90.00,87.69,-11.53,1.92
815.94,120.01,84.93,-5.20,2.81
815.94,120.01,89.29,1.93,0.81
815.94,120.01,98.52,6.48,-0.61
815.94,120.01,111.11,9.58,-0.16
815.94,120.01,126.48,11.63,-0.01
-815.94,135.01,139.87,12.37,0.17
-815.94,135.01,142.47,5.94,0.76
-815.94,135.01,137.20,-2.21,0.17
-815.94,135.01,126.60,-7.28,-0.99
815.94,135.01,117.58,-9.16,-0.61
815.94,135.01,116.66,-3.27,-0.30
815.94,82.50,121.06,2.13,0.26
-815.94,82.50,126.26,5.38,0.37
-815.94,82.50,123.65,-0.03,0.01
-815.94,82.50,115.34,-5.52,-0.02
-815.94,82.50,102.96,-9.19,-0.04
-815.94,56.25,87.55,-11.62,0.04
-815.94,56.25,72.59,-12.14,0.73
815.94,56.25,57.48,-11.85,1.50
815.94,56.25,49.31,-10.54,1.51
815.94,56.25,50.92,-2.29,1.09
815.94,43.12,58.98,4.47,-0.32
-815.94,43.12,68.52,8.43,-2.61
-815.94,43.12,70.11,4.63,-2.79
-815.94,43.12,65.97,-1.64,-0.89
-815.94,43.12,58.13,-5.45,1.91
-815.94,43.12,48.29,-7.51,2.02
-815.94,36.55,37.19,-8.78,1.70
815.94,36.55,27.06,-9.54,1.51
815.94,36.55,26.16,-4.41,0.82
815.94,36.55,32.34,3.30,-0.69
-815.94,36.55,42.41,7.74,-3.21
-815.94,33.27,46.03,5.83,-3.48
-815.94,33.27,43.06,-0.94,-1.67
-815.94,33.27,36.50,-4.69,2.31
815.94,33.27,28.50,-6.52,2.54
815.94,33.27,26.55,-4.23,1.71
815.94,33.27,31.85,3.01,-0.14
-815.94,31.63,38.22,6.21,-2.29
-815.94,31.63,37.36,0.69,-1.88
-815.94,31.63,31.80,-3.92,0.63
815.94,31.63,26.76,-5.20,1.57
815.94,31.63,30.10,1.58,0.42
-815.94,30.81,35.13,4.81,-1.23
-815.94,30.81,33.14,-0.89,-0.59
815.94,30.81,27.80,-4.52,0.78
815.94,30.81,29.22,0.27,0.33
-815.94,30.81,33.97,4.27,-0.47
-815.94,30.81,32.32,-0.88,-0.19
815.94,30.40,27.70,-3.99,0.54
815.94,30.40,29.50,-3.99,0.54
-815.94,30.40,33.39,1.42,-0.14
-815.94,30.40,31.23,3.04,-0.20
815.94,30.40,27.65,-2.30,0.12
-815.94,90.21,31.05,-2.56,0.28
815.94,90.21,38.46,3.34,-0.41
815.94,90.21,50.01,6.70,-0.49
815.94,90.21,65.13,9.71,-2.01
-815.94,90.21,80.41,12.40,-3.32
-815.94,90.21,91.89,12.04,-3.12
-815.94,60.10,94.23,8.23,0.52
-815.94,60.10,90.32,1.05,4.84
-815.94,60.10,82.01,-4.08,3.55
-815.94,60.10,70.91,-7.30,1.49
-815.94,60.10,58.22,-9.44,1.08
815.94,105.06,45.06,-10.40,1.04
815.94,105.06,41.10,-10.24,1.13
815.94,105.06,45.07,-2.26,0.53
815.94,105.06,54.68,4.38,-1.02
815.94,105.06,67.80,8.48,-2.98
815.94,105.06,83.44,10.97,-3.53
815.94,67.52,98.00,12.38,-3.52
815.94,67.52,113.52,11.31,-0.59
-815.94,67.52,126.65,11.43,3.62
-815.94,67.52,128.64,9.28,3.26
-815.94,67.52,123.33,0.61,1.57
-815.94,108.77,112.68,-5.38,-0.28
-815.94,108.77,97.78,-9.03,-0.87
-815.94,108.77,82.53,-11.73,-0.44
815.94,108.77,68.20,-11.90,0.55
815.94,108.77,57.30,-11.97,1.00
815.94,129.39,56.44,-7.70,1.44
815.94,129.39,62.66,0.18,0.62
815.94,129.39,73.47,5.73,-1.54
815.94,129.39,87.39,9.11,-1.75
815.94,129.39,102.88,11.93,-2.00
815.94,139.70,116.86,12.07,-1.32
815.94,139.70,131.63,10.75,2.17
815.94,139.70,146.09,11.52,1.96
815.94,139.70,161.83,11.59,1.82
-815.94,139.70,176.23,12.46,1.66
-815.94,139.70,181.09,11.30,1.31
-815.94,144.86,176.49,2.74,0.88
-815.94,144.86,165.53,-4.96,-0.19
-815.94,144.86,150.12,-9.40,-1.97
815.94,144.86,135.23,-11.94,-3.94
815.94,144.86,123.26,-12.42,-5.24
815.94,87.43,119.47,-8.76,-4.53
815.94,87.43,121.52,-2.35,0.75
-815.94,87.43,125.87,2.45,5.28
-815.94,87.43,122.81,2.80,4.05
-815.94,87.43,113.74,-3.96,1.50
-815.94,58.71,100.54,-8.33,-0.97
-815.94,58.71,84.97,-11.32,-1.05
815.94,58.71,70.48,-11.62,-0.61
815.94,58.71,60.11,-12.10,1.09
815.94,58.71,59.43,-7.22,1.44
815.94,58.71,65.54,0.25,0.38
-815.94,44.35,73.12,5.64,-1.35
-815.94,44.35,73.04,5.71,-1.16
-815.94,44.35,67.32,-0.76,-0.07
-815.94,44.35,57.99,-5.24,0.54
-815.94,44.35,46.52,-8.18,0.80
815.94,97.18,34.57,-9.28,1.15
815.94,97.18,30.44,-9.94,1.21
815.94,97.18,34.65,-2.31,0.82
815.94,97.18,44.63,4.60,-0.20
815.94,97.18,58.00,8.74,-2.64
815.94,97.18,60.40,11.21,-3.19
815.94,63.59,74.91,12.23,-3.10
815.94,63.59,90.57,10.95,-0.83
815.94,63.59,106.43,12.15,3.99
-815.94,63.59,119.53,11.45,2.93
-815.94,63.59,121.51,9.65,2.01
-815.94,46.79,115.48,0.46,0.96
-815.94,46.79,103.81,-6.05,-0.24
-815.94,46.79,88.32,-9.90,-2.07
-815.94,46.79,73.46,-11.99,-2.51
-815.94,46.79,56.32,-11.62,-1.73
-815.94,98.40,39.45,-12.32,2.02
815.94,98.40,24.04,-11.82,2.82
815.94,98.40,16.45,-11.35,2.15
815.94,98.40,18.33,-5.01,1.52
815.94,98.40,26.59,2.72,0.20
815.94,64.20,38.81,7.48,-2.79
815.94,64.20,54.35,10.24,-3.85
815.94,64.20,69.17,12.59,-4.11
815.94,64.20,84.94,11.16,-2.81
815.94,64.20,101.19,12.13,2.99
-815.94,107.11,116.29,12.01,3.93
-815.94,107.11,124.49,11.75,2.79
-815.94,107.11,122.20,5.36,1.52
-815.94,107.11,113.06,-3.15,0.41
-815.94,107.11,99.67,-8.22,-1.64
815.94,68.55,87.93,-11.37,-2.86
815.94,68.55,84.52,-8.53,-2.73
815.94,68.55,86.99,-2.03,-0.71
-815.94,68.55,90.80,2.89,2.02
-815.94,68.55,87.03,2.04,1.18
-815.94,68.55,77.86,-4.39,0.11
815.94,49.27,65.91,-8.38,-0.07
815.94,49.27,60.43,-9.45,-0.02
-815.94,49.27,62.24,-2.98,-0.02
-815.94,49.27,61.15,1.99,0.05
-815.94,49.27,54.46,-2.54,0.09
815.94,39.63,48.85,-6.41,0.10
815.94,39.63,50.45,-2.77,0.06
-815.94,39.63,51.01,2.32,-0.03
-815.94,39.63,45.67,-1.47,-0.06
815.94,39.63,39.41,-5.64,0.26
815.94,39.63,40.67,-3.28,0.63
815.94,94.82,47.54,3.16,-0.26
815.94,94.82,58.43,6.97,-0.56
815.94,94.82,73.02,10.01,-0.35
-815.94,94.82,86.43,11.96,0.02
-815.94,94.82,90.12,8.98,0.14
-815.94,62.41,86.01,0.84,0.06
-815.94,62.41,76.51,-5.11,0.02
815.94,62.41,67.07,-8.85,-0.08
815.94,62.41,65.24,-5.87,-0.12
815.94,62.41,69.19,0.39,0.08
-815.94,62.41,72.91,4.63,0.05
-815.94,46.20,69.32,0.39,-0.02
-815.94,46.20,60.51,-5.02,0.04
815.94,46.20,48.91,-8.56,0.14
815.94,46.20,43.54,-8.53,0.22
815.94,46.20,46.03,-1.29,-0.08
815.94,98.11,54.08,4.50,-0.24
815.94,98.11,65.96,8.22,-0.16
-815.94,98.11,79.32,10.83,-0.14
-815.94,98.11,83.89,8.42,0.05
815.94,98.11,82.39,0.67,-0.03
815.94,98.11,84.86,-0.18,0.01
815.94,124.06,91.92,4.25,0.07
815.94,124.06,101.76,7.24,0.16
815.94,124.06,113.36,9.08,0.77
-815.94,124.06,119.92,8.81,0.79
-815.94,124.06,117.00,0.78,0.22
815.94,77.03,113.40,-4.21,-0.39
-815.94,77.03,111.67,-0.83,-0.96
-815.94,77.03,103.80,-4.77,-0.64
-815.94,77.03,91.42,-8.88,-0.95
815.94,77.03,78.24,-11.46,-1.80
815.94,77.03,73.21,-7.03,-1.03
815.94,53.51,74.74,-0.76,1.20
-815.94,53.51,80.05,4.07,1.33
-815.94,53.51,78.91,1.37,0.29
-815.94,53.51,71.70,-4.51,0.28
-815.94,53.51,60.33,-8.33,0.04
815.94,101.76,47.73,-10.79,0.47
815.94,101.76,43.86,-6.08,0.48
815.94,101.76,47.37,1.06,0.06
815.94,101.76,56.04,5.97,-0.48
815.94,101.76,68.49,9.30,-0.04
815.94,101.76,83.78,11.61,0.08
815.94,125.89,99.43,12.50,0.15
815.94,125.89,115.00,12.18,0.66
815.94,125.89,130.67,12.51,1.05
815.94,125.89,145.39,12.12,1.25
-815.94,125.89,153.62,10.79,1.35
-815.94,137.95,150.67,2.56,0.99
-815.94,137.95,140.73,-5.21,0.05
815.94,137.95,126.35,-9.88,-1.98
815.94,137.95,118.12,-10.71,-3.46
815.94,137.95,117.02,-4.44,-3.28
815.94,83.97,120.33,0.83,-0.95
815.94,83.97,126.50,3.98,2.55
-815.94,83.97,130.98,5.71,2.01
-815.94,83.97,126.77,0.43,0.90
-815.94,83.97,116.46,-6.24,-0.80
-815.94,83.97,101.50,-10.20,-1.78
815.94,116.99,86.70,-12.19,-3.03
815.94,116.99,74.64,-11.67,-2.85
815.94,116.99,71.02,-7.48,0.29
815.94,116.99,73.92,-0.89,3.62
815.94,116.99,81.56,4.11,2.21
815.94,133.50,92.30,7.37,0.43
815.94,133.50,104.83,9.56,0.38
815.94,133.50,118.70,10.62,0.78
815.94,133.50,132.69,11.08,0.88
815.94,133.50,146.10,11.02,0.78
815.94,141.76,158.22,10.50,0.98
-815.94,141.76,168.53,9.98,1.04
-815.94,141.76,168.59,7.26,1.18
-815.94,141.76,160.44,-1.99,0.39
-815.94,141.76,147.24,-7.71,-1.52
815.94,141.76,132.59,-11.38,-3.40
815.94,85.88,125.46,-11.23,-4.44
-815.94,85.88,124.12,-4.81,-4.43
-815.94,85.88,117.82,-1.27,-0.62
-815.94,85.88,106.05,-6.15,3.14
815.94,85.88,91.19,-9.98,1.98
815.94,117.95,83.02,-12.01,-0.32
815.94,117.95,82.29,-5.84,-0.95
815.94,117.95,86.86,0.06,0.69
815.94,117.95,95.31,4.23,2.15
815.94,117.95,106.08,7.34,1.26
815.94,117.95,118.12,9.14,1.10
-815.94,73.97,130.13,10.17,0.85
-815.94,73.97,133.51,9.48,0.73
-815.94,73.97,128.35,1.62,0.40
-815.94,73.97,117.06,-5.41,-0.45
-815.94,73.97,101.78,-9.54,-1.94
-815.94,51.98,86.84,-12.35,-2.70
-815.94,51.98,68.61,-11.43,-2.87
-815.94,51.98,47.69,-13.25,0.91
815.94,51.98,30.54,-13.29,3.12
815.94,51.98,22.81,-11.59,3.11
815.94,40.99,24.99,-5.39,1.92
815.94,40.99,33.53,2.60,0.64
815.94,40.99,46.06,7.60,-2.37
-815.94,40.99,61.12,10.46,-3.66
-815.94,40.99,69.08,11.61,-3.88
-815.94,35.49,68.53,5.51,-1.76
-815.94,35.49,62.54,-1.12,2.46
-815.94,35.49,53.10,-5.42,3.06
-815.94,35.49,41.39,-8.20,1.90
-815.94,35.49,27.83,-9.52,1.55
815.94,92.75,14.49,-10.93,1.35
815.94,92.75,10.29,-10.40,1.16
815.94,92.75,14.46,-2.33,0.51
815.94,92.75,23.94,4.50,-1.66
815.94,92.75,37.06,8.39,-3.41
815.94,92.75,52.71,11.01,-3.89
815.94,61.37,67.27,12.35,-3.57
815.94,61.37,83.81,11.01,-1.64
815.94,61.37,101.65,12.34,3.90
-815.94,61.37,117.26,12.97,4.07
-815.94,61.37,123.58,11.50,2.00
-815.94,105.69,120.57,4.24,1.41
-815.94,105.69,110.92,-3.70,0.26
-815.94,105.69,97.13,-8.65,-1.86
-815.94,105.69,81.94,-11.14,-2.92
815.94,105.69,67.64,-11.98,-2.57
815.94,127.85,61.82,-10.93,-0.46
815.94,127.85,63.09,-3.99,2.34
815.94,127.85,69.93,2.03,1.23
815.94,127.85,80.66,6.28,0.13
815.94,127.85,93.91,9.29,0.12
815.94,138.93,108.83,10.86,0.46
815.94,138.93,124.00,11.90,0.75
815.94,138.93,138.86,12.05,0.93
815.94,138.93,152.75,11.65,0.99
815.94,138.93,165.01,10.84,1.32
-815.94,138.93,176.75,10.55,1.38
-815.94,144.47,180.62,9.42,1.26
-815.94,144.47,175.64,1.96,0.69
-815.94,144.47,164.46,-5.20,-0.73
-815.94,144.47,149.03,-9.58,-2.80
815.94,144.47,134.08,-11.91,-4.40
815.94,147.24,123.63,-12.36,-5.66
815.94,147.24,121.18,-7.44,-4.86
815.94,147.24,123.78,-1.30,0.12
815.94,147.24,129.31,2.78,5.29
815.94,147.24,136.85,4.97,5.10
815.94,147.24,145.30,6.44,2.71
815.94,88.62,154.57,7.23,1.62
-815.94,88.62,158.81,7.71,0.99
-815.94,88.62,153.76,1.74,0.39
-815.94,88.62,142.58,-5.57,-0.59
-815.94,88.62,127.36,-9.90,-2.84
-815.94,59.30,112.64,-11.57,-4.04
-815.94,59.30,95.29,-11.60,-5.15
-815.94,59.30,70.95,-13.32,-1.06
-815.94,59.30,47.83,-15.23,5.05
815.94,44.65,31.78,-13.19,4.37
815.94,44.65,25.86,-11.55,3.18
815.94,44.65,28.56,-3.41,1.74
815.94,44.65,37.34,3.65,-0.01
815.94,44.65,50.04,8.08,-3.21
-815.94,44.65,64.24,10.88,-4.22
-815.94,37.32,70.13,10.70,-4.45
-815.94,37.32,68.69,3.63,-1.73
-815.94,37.32,62.53,-2.31,3.14
-815.94,37.32,53.35,-5.76,3.50
-815.94,37.32,41.93,-8.13,2.39
-815.94,33.66,29.45,-9.70,1.57
815.94,33.66,16.33,-10.47,1.32
815.94,33.66,11.92,-9.91,1.14
815.94,33.66,15.97,-2.04,0.37
815.94,33.66,25.55,4.68,-1.98
815.94,33.66,38.46,8.50,-3.88
-815.94,31.82,48.38,10.97,-4.57
-815.94,31.82,49.53,6.54,-3.59
-815.94,31.82,45.68,-0.14,0.64
-815.94,31.82,38.60,-4.01,4.32
-815.94,31.82,29.30,-6.30,3.35
815.94,30.91,19.12,-7.99,2.29
815.94,30.91,16.43,-7.89,1.65
815.94,30.91,21.58,-0.25,0.54
815.94,30.91,31.70,5.67,-2.30
-815.94,30.91,39.85,8.96,-3.41
-815.94,30.91,39.83,4.82,-3.60
-815.94,30.45,35.09,-1.59,-0.61
-815.94,30.45,27.51,-4.91,3.13
815.94,30.45,21.43,-6.80,2.71
815.94,30.45,23.70,-2.74,1.61
-815.94,30.45,32.02,4.10,-0.30
-815.94,30.22,36.49,6.93,-2.17
-815.94,30.22,34.04,1.15,-1.81
-815.94,30.22,27.41,-3.78,0.50
815.94,30.22,24.10,-5.65,1.72
815.94,30.22,28.61,0.60,0.97
-815.94,30.22,34.57,5.76,-1.32
-815.94,30.11,33.43,1.91,-1.16
-235.15,30.11,27.50,-3.28,0.29
815.94,30.11,25.50,-4.50,1.00
-154.70,30.11,30.63,1.94,0.18
-815.94,30.11,34.00,4.91,-0.81
815.94,90.06,30.89,-0.80,-0.36
815.94,90.06,30.68,-2.38,0.53
815.94,90.06,37.45,3.79,-0.11
815.94,90.06,48.52,7.94,-0.85
815.94,90.06,63.43,10.88,-2.19
815.94,90.06,78.62,12.43,-2.55
815.94,120.04,93.29,10.81,-0.62
815.94,120.04,109.54,11.65,2.30
-815.94,120.04,124.85,11.71,3.67
-815.94,120.04,133.61,12.11,2.02
-815.94,120.04,131.92,4.74,1.40
-815.94,135.02,123.23,-3.26,0.39
815.94,135.02,111.38,-8.33,-1.42
815.94,135.02,105.68,-9.15,-2.45
815.94,135.02,106.87,-2.98,-1.90
815.94,135.02,112.81,2.56,-0.02
815.94,82.51,121.45,5.79,1.66
815.94,82.51,131.56,7.62,1.35
-815.94,82.51,136.65,8.24,0.88
-815.94,82.51,132.62,1.25,0.46
-815.94,82.51,122.45,-5.52,-0.37
-815.94,82.51,107.53,-9.72,-1.94
-815.94,116.26,92.57,-12.11,-2.73
815.94,116.26,77.36,-10.93,-2.31
815.94,116.26,67.54,-12.22,-0.00
815.94,116.26,66.57,-6.88,3.22
815.94,116.26,71.56,-0.06,1.86
815.94,133.14,81.36,4.70,-0.14
815.94,133.14,94.43,8.61,-0.10
815.94,133.14,110.01,10.80,0.06
815.94,133.14,125.93,12.47,0.25
815.94,133.14,141.60,12.61,1.08
815.94,81.56,156.68,12.39,1.34
-815.94,81.56,167.27,11.81,1.22
-815.94,81.56,166.16,7.45,1.16
-815.94,81.56,157.37,-1.90,0.54
-815.94,81.56,143.75,-7.99,-0.92
-815.94,55.78,128.42,-11.49,-3.21
-815.94,55.78,112.05,-11.57,-4.63
-815.94,55.78,87.24,-12.56,-4.62
-815.94,55.78,60.41,-15.33,3.94
-815.94,55.78,42.72,-14.46,4.94
-815.94,42.89,27.48,-11.90,3.19
-815.94,42.89,12.12,-11.58,3.20
815.94,42.89,2.06,-12.33,2.63
815.94,42.89,2.36,-6.83,1.52
815.94,42.89,9.44,1.10,-0.83
815.94,36.44,20.69,6.46,-3.79
815.94,36.44,35.56,9.42,-5.63
815.94,36.44,50.99,12.21,-5.52
-815.94,36.44,65.00,11.98,-5.35
-815.94,36.44,71.44,11.04,-2.34
-815.94,33.22,70.85,4.44,3.38
-815.94,33.22,65.98,-1.22,6.25
-815.94,33.22,57.71,-4.72,4.12
-815.94,33.22,47.40,-7.17,2.01
-815.94,33.22,35.83,-8.75,1.42
-815.94,33.22,23.58,-9.76,1.30
815.94,91.62,10.79,-9.87,1.25
815.94,91.62,6.33,-10.19,1.24
815.94,91.62,9.98,-2.55,0.40
815.94,91.62,19.14,4.08,-2.07
815.94,91.62,31.90,8.11,-4.12
815.94,120.81,47.58,10.66,-4.59
815.94,120.81,62.18,12.45,-4.90
815.94,120.81,79.35,11.15,-3.04
815.94,120.81,102.41,13.24,1.83
815.94,120.81,123.89,14.98,4.45
815.94,75.40,140.35,13.44,2.74
815.94,75.40,155.09,11.38,2.31
-815.94,75.40,163.92,12.15,1.61
-815.94,75.40,161.73,5.74,1.14
-815.94,75.40,152.48,-3.10,0.29
-815.94,52.70,138.77,-8.30,-1.52
-815.94,52.70,123.70,-11.61,-3.68
-815.94,52.70,107.09,-11.44,-4.56
-815.94,52.70,82.36,-12.58,-4.33
-815.94,52.70,57.17,-15.14,4.39
-815.94,101.36,39.62,-14.17,5.01
-815.94,101.36,24.87,-11.82,3.00
815.94,101.36,12.49,-11.83,3.21
815.94,101.36,10.82,-9.20,2.26
815.94,101.36,16.98,-0.37,0.45
815.94,125.68,27.82,5.71,-2.24
815.94,125.68,41.70,9.14,-5.16
815.94,125.68,57.24,12.01,-5.60
815.94,125.68,72.07,12.15,-5.04
815.94,125.68,90.93,11.49,-3.10
815.94,77.84,112.21,13.74,3.83
815.94,77.84,130.61,14.13,5.23
815.94,77.84,145.21,12.05,3.38
-815.94,77.84,160.64,11.50,1.74
-815.94,77.84,167.68,11.99,1.42
-815.94,113.93,163.98,4.33,1.02
-815.94,113.93,153.55,-4.34,-0.07
-815.94,113.93,138.37,-8.95,-1.98
-815.94,113.93,123.34,-12.02,-4.15
-815.94,113.93,105.98,-11.44,-4.94
815.94,131.97,83.70,-13.52,-3.92
815.94,131.97,71.01,-13.95,1.98
815.94,131.97,67.68,-9.76,5.70
815.94,131.97,71.81,-1.74,3.54
815.94,131.97,81.07,4.43,1.15
815.94,140.99,93.84,8.15,-1.30
815.94,140.99,109.58,10.72,-1.13
815.94,140.99,124.94,12.66,0.45
815.94,140.99,140.49,12.05,1.04
815.94,140.99,156.01,12.35,0.81
815.94,145.50,170.77,12.23,0.86
815.94,145.50,184.21,11.47,1.44
-815.94,145.50,191.04,10.99,1.58
-815.94,145.50,187.52,4.25,1.37
-815.94,145.50,177.18,-4.18,0.39
-815.94,145.50,162.02,-8.83,-1.80
-815.94,147.76,146.99,-11.96,-4.19
815.94,147.76,131.39,-11.67,-5.36
815.94,147.76,119.84,-12.56,-5.29
815.94,147.76,116.27,-8.41,-2.51
815.94,147.76,118.85,-2.13,4.18
815.94,148.89,125.48,2.94,5.86
815.94,148.89,134.89,5.98,3.49
815.94,148.89,145.96,8.08,1.68
815.94,148.89,157.76,9.29,0.98
815.94,148.89,169.66,9.82,0.66
-815.94,149.45,179.17,9.92,0.49
-815.94,149.45,178.09,6.68,0.34
-815.94,149.45,169.36,-2.44,-0.11
-815.94,149.45,155.94,-7.99,-1.59
815.94,149.45,140.53,-11.38,-3.33
815.94,149.45,131.67,-11.76,-4.69
815.94,89.72,130.54,-6.29,-3.82
-815.94,89.72,133.70,-0.29,0.78
-815.94,89.72,131.32,2.49,4.56
-815.94,89.72,122.84,-3.13,2.88
-815.94,89.72,109.93,-7.82,-0.17
-815.94,59.86,94.50,-10.91,-0.46
-815.94,59.86,79.81,-11.75,-0.09
815.94,59.86,65.72,-11.46,0.95
815.94,59.86,60.07,-10.94,1.79
815.94,59.86,62.80,-3.22,1.10
-815.94,44.92,71.28,3.61,-0.63
-815.94,44.92,76.50,7.34,-1.65
-815.94,44.92,74.68,2.75,-1.45
-815.94,44.92,68.02,-2.85,-0.09
-815.94,44.92,58.25,-6.31,1.02
-815.94,44.92,46.85,-8.54,1.17
-815.94,37.46,34.52,-9.70,1.33
815.94,37.46,26.82,-10.11,1.31
815.94,37.46,29.11,-3.93,1.11
815.94,37.46,37.84,3.70,0.01
-815.94,37.46,47.33,8.14,-3.19
-815.94,93.74,48.97,6.42,-3.71
815.94,93.74,46.09,-0.34,-2.13
815.94,93.74,48.88,-1.57,1.75
815.94,93.74,57.34,4.44,1.12
815.94,93.74,69.94,8.42,-0.25
815.94,93.74,85.58,11.24,-1.65
-815.94,61.86,100.35,12.35,-2.33
-815.94,61.86,107.84,11.01,-0.99
-815.94,61.86,107.01,4.22,2.69
-815.94,61.86,100.18,-2.37,2.22
-815.94,61.86,89.20,-6.66,0.53
-815.94,105.94,75.07,-9.69,0.46
-815.94,105.94,59.73,-11.41,1.21
815.94,105.94,46.29,-12.15,1.67
815.94,105.94,42.85,-10.09,1.60
815.94,105.94,47.56,-1.75,0.92
815.94,67.96,57.61,4.96,-0.73
815.94,67.96,71.15,8.75,-2.83
815.94,67.96,86.49,11.44,-3.33
815.94,67.96,101.16,11.91,-3.24
-815.94,67.96,116.08,11.34,0.29
-815.94,67.96,121.04,10.92,3.47
-815.94,108.99,117.90,3.06,2.50
-815.94,108.99,108.91,-3.66,0.50
-815.94,108.99,95.91,-7.99,-0.63
-815.94,108.99,80.26,-10.98,0.02
815.94,108.99,68.36,-12.42,0.51
815.94,69.49,65.87,-8.75,0.59
815.94,69.49,70.50,-1.07,0.52
815.94,69.49,80.28,4.82,-0.63
815.94,69.49,93.43,8.56,-0.60
-815.94,69.49,102.80,10.82,-0.45
-815.94,49.74,103.08,6.57,-0.03
-815.94,49.74,96.98,-0.55,0.36
-815.94,49.74,86.38,-5.60,0.21
-815.94,49.74,72.06,-8.94,0.23
-815.94,49.74,56.41,-11.73,0.67
-815.94,49.74,40.57,-11.98,1.59
815.94,99.88,26.69,-13.17,1.50
815.94,99.88,23.03,-10.38,1.60
815.94,99.88,27.32,-1.98,0.95
815.94,99.88,37.21,4.66,-0.54
815.94,99.88,50.67,8.71,-3.39
815.94,124.94,66.27,11.28,-4.15
815.94,124.94,80.98,12.25,-4.14
815.94,124.94,98.89,11.41,-1.64
815.94,124.94,117.31,12.62,3.68
815.94,124.94,132.79,12.82,4.05
815.94,77.47,147.49,11.24,2.24
-815.94,77.47,161.95,12.36,2.12
-815.94,77.47,165.41,11.01,1.75
-815.94,77.47,160.03,1.65,0.97
-815.94,77.47,148.50,-5.56,-0.40
-815.94,113.74,133.12,-9.87,-2.90
-815.94,113.74,118.36,-12.32,-4.70
-815.94,113.74,98.72,-10.99,-5.09
-815.94,113.74,68.46,-14.56,-2.19
815.94,113.74,50.12,-15.78,5.40
815.94,71.87,46.15,-10.24,4.69
815.94,71.87,50.05,-1.83,2.75
815.94,71.87,59.50,4.54,0.71
815.94,71.87,72.60,8.52,-2.41
815.94,71.87,88.22,11.23,-2.78
-815.94,50.93,102.97,12.21,-1.72
-815.94,50.93,112.59,11.68,1.48
-815.94,50.93,112.23,6.56,1.75
-815.94,50.93,105.09,-1.14,0.76
-815.94,50.93,93.29,-6.52,-0.91
-815.94,40.46,77.78,-10.03,-0.37
-815.94,40.46,63.26,-12.45,-0.27
-815.94,40.46,48.52,-11.35,0.44
-815.94,40.46,34.44,-11.21,1.65
-815.94,40.46,19.12,-11.56,1.58
815.94,40.46,3.89,-11.85,2.04
815.94,95.24,-2.76,-12.04,2.08
815.94,95.24,0.01,-4.47,1.34
815.94,95.24,8.97,3.48,-0.48
815.94,95.24,21.69,7.99,-3.81
815.94,95.24,37.41,10.69,-5.28
815.94,62.62,52.23,12.50,-5.33
815.94,62.62,69.11,11.36,-4.77
815.94,62.62,94.07,12.89,0.43
815.94,62.62,119.21,15.58,5.52
-815.94,46.30,134.46,13.88,3.97
-815.94,46.30,137.79,10.41,2.35
-815.94,46.30,132.74,1.15,1.11
-815.94,46.30,121.78,-5.50,-0.23
-815.94,46.30,106.56,-9.74,-2.04
-815.94,46.30,91.82,-11.69,-2.41
-815.94,98.16,73.99,-11.66,-2.26
-815.94,98.16,55.13,-12.54,1.56
-815.94,98.16,39.48,-12.80,3.11
815.94,98.16,24.64,-11.49,2.17
815.94,124.09,17.80,-11.17,2.50
815.94,124.09,20.67,-4.62,1.48
815.94,124.09,29.56,3.14,-0.20
815.94,124.09,42.32,7.87,-3.52
815.94,124.09,57.83,10.58,-4.76
815.94,124.09,72.67,12.43,-4.91
815.94,137.05,89.75,11.61,-4.01
815.94,137.05,110.95,13.36,2.19
815.94,137.05,129.86,13.65,5.54
815.94,137.05,145.50,13.12,3.29
815.94,83.52,160.84,11.50,2.02
815.94,83.52,175.86,12.32,1.57
-815.94,83.52,188.76,11.59,1.55
-815.94,83.52,191.18,9.96,1.65
-815.94,83.52,185.10,0.74,0.76
-815.94,83.52,173.18,-6.08,-1.10
-815.94,116.77,157.77,-10.14,-3.54
-815.94,116.77,142.87,-12.27,-5.05
-815.94,116.77,123.31,-11.31,-5.92
-815.94,116.77,70.94,-14.70,-4.28
815.94,133.39,48.65,-17.25,7.55
815.94,133.39,44.66,-10.62,4.68
815.94,133.39,48.49,-2.31,2.84
815.94,133.39,57.96,4.27,0.88
815.94,81.69,71.12,8.38,-2.18
815.94,81.69,86.58,10.96,-3.28
815.94,81.69,101.13,12.21,-2.58
815.94,81.69,115.95,11.18,-0.16
815.94,81.69,130.57,11.30,2.88
815.94,81.69,145.60,11.30,1.67
-815.94,55.84,154.41,12.00,1.71
-815.94,55.84,152.00,5.71,1.32
-815.94,55.84,142.50,-3.30,0.39
-815.94,55.84,128.52,-8.53,-1.30
-815.94,55.84,113.40,-11.82,-2.85
-815.94,102.93,96.59,-12.03,-4.33
-815.94,102.93,72.84,-13.21,-3.00
-815.94,102.93,49.32,-14.97,3.49
815.94,102.93,32.91,-14.04,4.52
815.94,126.47,25.01,-11.66,3.12
815.94,126.47,26.68,-5.24,2.21
815.94,126.47,34.78,2.55,0.62
815.94,126.47,47.08,7.41,-2.50
815.94,126.47,62.62,10.29,-4.34
815.94,126.47,77.22,12.42,-4.65
815.94,138.24,93.40,11.24,-3.48
815.94,138.24,111.51,12.20,2.86
815.94,138.24,126.91,12.28,4.27
815.94,138.24,141.22,11.25,2.46
815.94,138.24,156.88,11.92,2.12
815.94,84.12,171.27,12.42,1.99
815.94,84.12,184.60,11.17,1.81
-815.94,84.12,191.03,10.87,1.38
-815.94,84.12,187.61,3.98,0.53
-815.94,84.12,177.63,-4.04,-0.71
-815.94,117.07,162.82,-8.55,-2.69
-815.94,117.07,147.69,-11.75,-4.82
-815.94,117.07,130.81,-12.06,-6.02
-815.94,117.07,91.84,-13.25,-5.01
815.94,133.54,59.80,-16.84,5.47
815.94,133.54,48.14,-14.53,7.63
815.94,133.54,46.36,-7.22,4.56
815.94,133.54,51.55,0.54,2.47
815.94,133.54,61.77,5.95,0.52
815.94,81.77,75.36,9.43,-2.40
815.94,81.77,90.86,11.78,-2.26
815.94,81.77,105.24,12.00,-0.95
815.94,81.77,119.35,11.09,1.07
815.94,81.77,134.49,11.33,1.92
-815.94,115.89,149.77,12.10,1.43
-815.94,115.89,155.03,11.94,1.05
-815.94,115.89,150.83,3.06,0.86
-815.94,115.89,140.03,-4.64,-0.01
-815.94,115.89,124.62,-9.30,-1.68
-815.94,115.89,109.80,-12.49,-3.20
815.94,132.95,94.50,-11.41,-4.76
815.94,132.95,87.25,-11.29,-3.36
815.94,132.95,87.13,-5.10,1.10
815.94,132.95,92.20,0.58,4.73
815.94,132.95,101.22,4.91,2.96
815.94,81.47,112.67,7.81,0.96
815.94,81.47,125.39,9.34,0.76
815.94,81.47,139.27,10.76,0.82
-815.94,81.47,145.93,10.78,0.71
-815.94,81.47,142.94,4.44,0.37
-815.94,115.74,133.07,-3.71,0.03
-815.94,115.74,118.37,-8.40,-1.30
-815.94,115.74,103.30,-11.75,-2.41
-815.94,115.74,86.74,-11.62,-3.37
815.94,115.74,73.45,-12.28,-1.00
815.94,72.87,69.40,-9.93,2.96
815.94,72.87,72.30,-2.41,3.06
815.94,72.87,80.55,3.38,0.78
815.94,72.87,92.54,7.44,-0.48
-815.94,72.87,107.31,9.99,-0.08
-815.94,72.87,114.30,11.39,0.19
-815.94,51.43,112.77,4.91,0.12
-815.94,51.43,104.98,-2.36,0.00
-815.94,51.43,92.90,-7.09,-0.09
-815.94,51.43,77.42,-10.24,-0.26
-815.94,51.43,62.62,-11.89,0.22
-815.94,100.72,48.40,-11.75,0.90
815.94,100.72,33.71,-11.15,1.28
815.94,100.72,26.29,-11.83,1.85
815.94,100.72,28.68,-5.08,1.37
815.94,100.72,37.45,2.77,0.39
815.94,100.72,50.11,7.82,-2.39
815.94,65.36,65.70,10.57,-3.83
815.94,65.36,80.46,12.39,-4.23
815.94,65.36,96.95,11.09,-3.19
-815.94,65.36,114.45,12.48,3.00
-815.94,65.36,125.10,12.92,4.19
-815.94,107.69,125.18,7.46,2.55
-815.94,107.69,117.89,-0.83,1.35
-815.94,107.69,105.88,-6.70,-0.59
-815.94,107.69,90.52,-10.06,-2.03
815.94,107.69,75.95,-12.22,-1.77
815.94,128.85,67.72,-11.79,0.26
815.94,128.85,68.23,-5.74,1.11
815.94,128.85,74.89,1.19,0.24
815.94,128.85,85.85,6.01,-0.23
815.94,128.85,99.64,9.18,-0.11
815.94,79.42,115.45,11.91,0.03
815.94,79.42,131.02,12.46,0.40
-815.94,79.42,146.58,12.41,1.35
-815.94,79.42,152.86,11.74,1.17
-815.94,79.42,149.20,4.11,0.68
-815.94,79.42,138.84,-3.84,0.20
-815.94,54.71,123.68,-8.86,-1.29
-815.94,54.71,108.82,-11.99,-2.47
-815.94,54.71,90.32,-11.77,-3.51
-815.94,54.71,67.01,-13.15,-0.66
-815.94,42.35,47.52,-14.33,3.47
-815.94,42.35,32.27,-12.84,3.53
-815.94,42.35,17.11,-10.94,2.65
815.94,42.35,2.63,-12.83,2.71
815.94,42.35,-1.93,-11.55,1.94
815.94,36.17,2.00,-2.60,0.37
815.94,36.17,11.45,4.32,-2.02
815.94,36.17,24.43,8.33,-5.08
815.94,36.17,40.04,10.94,-5.67
815.94,36.17,54.55,12.27,-5.65
-815.94,36.17,67.27,11.11,-4.63
-815.94,33.08,71.19,9.47,-0.26
-815.94,33.08,69.08,2.44,5.34
-815.94,33.08,62.88,-2.51,5.70
-815.94,33.08,53.78,-5.63,3.37
-815.94,33.08,42.91,-7.82,1.80
-815.94,91.55,30.97,-9.22,1.35
815.94,91.55,18.34,-9.68,0.96
815.94,91.55,14.24,-9.98,0.92
815.94,91.55,18.50,-2.25,0.47
815.94,91.55,28.12,4.59,-1.95
815.94,91.55,41.29,8.44,-3.83
815.94,60.77,56.81,11.03,-4.49
815.94,60.77,71.43,12.19,-4.39
815.94,60.77,90.69,11.47,-2.66
-815.94,60.77,110.19,13.61,3.40
-815.94,105.39,118.86,12.84,5.32
-815.94,105.39,117.78,5.90,2.82
-815.94,105.39,110.15,-1.68,0.98
-815.94,105.39,98.02,-6.93,-1.01
-815.94,105.39,82.59,-10.20,-0.95
815.94,105.39,68.50,-12.38,-0.34
815.94,67.69,63.08,-10.89,0.27
815.94,67.69,65.11,-3.51,0.58
815.94,67.69,72.95,2.70,-0.26
815.94,67.69,84.80,7.15,-0.34
-815.94,67.69,94.81,9.91,-0.27
-815.94,108.85,95.80,7.22,-0.33
-815.94,108.85,90.22,0.03,0.04
815.94,108.85,80.63,-5.22,0.22
815.94,108.85,76.80,-7.90,0.32
815.94,108.85,79.97,-2.32,0.18
815.94,108.85,88.47,3.61,-0.12
815.94,69.42,100.49,7.58,-0.07
-815.94,69.42,112.25,10.04,0.19
-815.94,69.42,114.35,8.81,0.15
-815.94,69.42,109.55,0.79,-0.10
-815.94,69.42,99.42,-4.99,-0.25
-815.94,109.72,85.73,-8.51,-0.09
-815.94,109.72,70.19,-11.91,-0.36
815.94,109.72,57.21,-12.20,0.09
815.94,109.72,53.95,-9.74,1.29
815.94,109.72,58.27,-1.66,0.84
815.94,129.87,67.92,4.61,-0.99
815.94,129.87,81.14,8.46,-1.56
815.94,129.87,96.69,11.07,-1.38
815.94,129.87,111.35,12.31,-0.54
815.94,129.87,126.09,11.17,1.39
815.94,129.87,140.10,11.02,1.64
815.94,139.94,155.75,11.64,1.73
-815.94,139.94,169.66,12.51,1.23
-815.94,139.94,172.48,10.55,1.17
-815.94,139.94,166.64,1.11,0.86
-815.94,139.94,154.82,-5.93,-0.36
-815.94,144.98,139.31,-10.17,-2.48
815.94,144.98,125.13,-12.23,-4.18
815.94,144.98,117.40,-11.32,-5.02
815.94,144.98,116.48,-5.51,-3.85
815.94,144.98,120.05,-0.19,1.71
815.94,147.49,126.79,3.34,5.01
815.94,147.49,135.60,5.84,3.65
815.94,147.49,145.58,7.46,1.88
815.94,147.49,156.22,8.45,1.13
815.94,147.49,167.03,8.90,0.84
-815.94,147.49,174.42,8.96,0.68
-815.94,148.75,171.65,5.13,0.39
-815.94,148.75,161.93,-3.57,-0.15
-815.94,148.75,147.32,-8.35,-2.11
815.94,148.75,136.54,-11.93,-3.61
815.94,148.75,133.72,-7.80,-4.76
815.94,89.37,136.30,-1.56,-2.56
-815.94,89.37,141.75,2.76,2.88
-815.94,89.37,141.57,4.43,3.93
-815.94,89.37,133.79,-1.66,1.98
-815.94,89.37,121.26,-7.16,-0.40
-815.94,89.37,105.75,-10.73,-1.48
-815.94,59.68,90.56,-11.71,-2.55
-815.94,59.68,70.96,-12.23,-0.78
815.94,59.68,54.48,-13.91,3.61
815.94,59.68,48.56,-10.96,2.94
815.94,59.68,50.82,-3.50,1.80
815.94,104.85,59.07,3.25,0.10
815.94,104.85,71.40,7.65,-2.13
815.94,104.85,86.95,10.65,-2.49
815.94,104.85,101.44,12.23,-1.88
-815.94,104.85,116.75,11.08,0.25
-815.94,67.42,124.82,11.68,2.34
-815.94,67.42,122.99,5.46,1.77
-815.94,67.42,114.67,-2.74,0.36
-815.94,67.42,101.95,-7.50,-1.07
-815.94,67.42,86.46,-10.81,-0.78
-815.94,48.71,72.01,-11.81,-0.19
-815.94,48.71,56.36,-11.29,0.75
-815.94,48.71,41.73,-11.27,1.96
815.94,48.71,27.17,-11.20,1.72
815.94,48.71,19.50,-11.77,2.21
815.94,39.35,21.87,-5.28,1.49
815.94,39.35,30.53,2.76,0.02
815.94,39.35,43.18,7.72,-3.12
-815.94,39.35,58.27,10.56,-4.79
-815.94,39.35,65.78,11.51,-5.15
-815.94,39.35,65.86,5.52,-3.59
-815.94,94.68,61.38,-0.51,1.92
-815.94,94.68,53.83,-4.12,5.15
815.94,94.68,49.45,-6.53,3.49
815.94,94.68,53.26,-2.57,1.84
815.94,94.68,62.63,4.23,-0.61
815.94,62.34,75.73,8.31,-2.25
-815.94,62.34,91.50,10.99,-2.77
-815.94,62.34,102.50,12.50,-2.85
-815.94,62.34,104.55,7.92,-0.00
-815.94,62.34,100.25,0.81,2.88
-815.94,62.34,91.19,-4.48,1.68
-815.94,46.16,79.09,-7.95,0.48
-815.94,46.16,64.56,-10.03,1.11
-815.94,46.16,49.36,-11.73,1.72
-815.94,46.16,34.01,-12.17,1.60
815.94,46.16,19.61,-12.10,1.65
815.94,98.09,14.02,-11.27,1.43
815.94,98.09,17.29,-3.43,0.83
815.94,98.09,26.46,3.82,-1.08
815.94,98.09,39.23,8.11,-4.28
815.94,98.09,54.89,10.70,-5.10
815.94,64.04,69.84,12.46,-5.58
815.94,64.04,88.57,11.49,-3.19
815.94,64.04,115.33,13.72,3.43
-815.94,64.04,131.25,15.27,5.02
-815.94,64.04,134.12,9.82,3.06
-815.94,107.03,129.22,1.30,1.35
-815.94,107.03,118.83,-5.06,-0.34
-815.94,107.03,103.89,-8.91,-1.82
-815.94,107.03,89.14,-11.76,-1.38
815.94,107.03,74.02,-11.82,-0.41
815.94,128.52,59.98,-11.93,1.98
815.94,128.52,55.31,-10.52,1.94
815.94,128.52,58.81,-2.83,1.09
815.94,128.52,67.89,3.98,-0.63
815.94,128.52,80.68,8.06,-2.01
815.94,139.27,96.31,10.74,-2.26
815.94,139.27,110.97,12.39,-1.60
815.94,139.27,126.20,11.29,0.29
815.94,139.27,141.01,11.67,2.87
815.94,139.27,155.76,11.36,1.67
815.94,144.64,171.33,11.80,1.67
-815.94,144.64,185.40,12.19,1.77
-815.94,144.64,189.91,11.02,1.52
-815.94,144.64,185.28,2.46,0.95
-815.94,144.64,174.25,-4.99,-0.39
-815.94,144.64,158.98,-9.44,-2.50
-815.94,87.32,144.11,-12.30,-4.66
-815.94,87.32,124.18,-11.42,-5.29
-815.94,87.32,86.74,-14.33,-4.21
815.94,87.32,72.38,-16.49,4.40
815.94,118.66,68.44,-9.90,6.11
815.94,118.66,72.12,-2.30,3.94
815.94,118.66,81.23,4.07,1.76
815.94,118.66,94.00,8.07,-0.98
815.94,118.66,109.61,10.71,-1.71
815.94,134.34,124.41,12.51,-0.74
815.94,134.34,138.78,11.58,0.97
-815.94,134.34,153.34,11.25,1.41
-815.94,134.34,157.79,11.46,0.85
-815.94,134.34,153.11,2.48,0.69
-815.94,134.34,142.17,-5.04,-0.07
815.94,142.18,126.75,-9.46,-1.68
815.94,142.18,115.57,-12.54,-2.51
815.94,142.18,112.46,-8.04,-2.67
815.94,142.18,115.00,-1.80,-0.69
815.94,142.18,121.69,2.90,2.61
815.94,146.10,130.86,6.00,2.43
815.94,146.10,141.84,8.00,1.48
815.94,146.10,153.57,9.25,0.93
815.94,146.10,165.54,9.82,0.66
-815.94,146.10,170.91,9.71,0.67
-815.94,146.10,166.87,2.70,0.28
-815.94,88.04,156.39,-4.78,-0.47
-815.94,88.04,141.30,-9.48,-2.39
-815.94,88.04,126.37,-11.61,-3.23
-815.94,88.04,107.45,-11.79,-4.53
-815.94,59.02,79.36,-13.81,-1.39
815.94,59.02,62.47,-15.19,5.73
815.94,59.02,58.49,-10.32,3.72
815.94,59.02,61.96,-1.89,2.22
815.94,59.02,71.02,4.16,0.17
-815.94,104.52,77.98,8.05,-2.37
-815.94,104.52,77.22,4.16,-2.43
815.94,104.52,74.99,-1.87,-0.65
815.94,104.52,79.29,-0.47,1.10
815.94,104.52,88.79,4.98,0.09
815.94,104.52,101.73,8.69,-0.31
-815.94,67.25,111.13,10.87,-0.47
-815.94,67.25,111.35,5.67,0.12
-815.94,67.25,105.51,-1.34,0.50
-815.94,67.25,95.04,-6.06,0.21
-815.94,67.25,80.77,-9.40,0.26
-815.94,48.62,65.03,-11.56,0.38
-815.94,48.62,49.12,-12.01,1.49
815.94,48.62,35.80,-12.63,1.77
815.94,48.62,32.71,-10.36,1.66
815.94,48.62,37.60,-1.45,0.92
815.94,48.62,47.83,5.08,-1.06
-815.94,39.31,60.40,8.98,-3.36
-815.94,39.31,66.06,10.01,-4.09
-815.94,39.31,64.88,3.49,-3.19
-815.94,39.31,59.46,-1.98,1.04
-815.94,39.31,51.30,-5.11,3.55
-815.94,34.65,41.24,-7.15,2.63
-815.94,34.65,30.02,-8.58,2.05
815.94,34.65,19.17,-9.48,1.62
815.94,34.65,16.86,-8.07,1.13
815.94,34.65,22.00,-0.02,-0.22
815.94,34.65,32.21,5.69,-3.05
-815.94,32.32,43.78,9.25,-3.72
-815.94,32.32,47.96,8.43,-4.41
-815.94,32.32,45.79,1.63,-2.25
-815.94,32.32,40.21,-2.97,2.86
-815.94,32.32,32.42,-5.29,3.80
815.94,91.17,23.52,-6.89,2.56
815.94,91.17,21.28,-6.67,1.79
815.94,91.17,26.64,0.82,0.62
815.94,91.17,37.16,6.27,-2.44
815.94,91.17,50.90,9.73,-3.62
815.94,91.17,66.23,12.00,-4.40
815.94,120.59,81.77,11.15,-3.55
815.94,120.59,103.38,12.30,-0.53
815.94,120.59,126.70,14.98,4.41
-815.94,120.59,143.67,13.83,3.44
-815.94,75.29,154.18,12.47,2.56
-815.94,75.29,153.38,7.34,1.52
-815.94,75.29,144.93,-1.64,0.61
-815.94,75.29,131.64,-7.69,-0.96
-815.94,75.29,116.36,-11.27,-3.25
-815.94,52.64,99.98,-11.43,-3.92
-815.94,52.64,77.41,-12.44,-2.77
-815.94,52.64,54.84,-14.74,3.62
-815.94,52.64,38.66,-13.62,2.95
-815.94,52.64,23.64,-11.33,3.39
815.94,101.33,10.98,-11.84,2.57
815.94,101.33,8.79,-9.44,2.18
815.94,101.33,14.34,-0.66,0.46
815.94,101.33,24.91,5.57,-2.29
815.94,101.33,38.77,9.25,-5.12
815.94,125.67,54.03,11.52,-5.51
815.94,125.67,69.19,11.98,-5.68
815.94,125.67,89.92,11.81,-3.28
815.94,125.67,123.08,15.28,4.21
815.94,137.84,145.36,16.69,4.30
815.94,137.84,160.54,12.78,2.26
815.94,137.84,175.95,11.70,2.44
-815.94,137.84,190.08,12.36,1.92
-815.94,137.84,193.56,10.80,1.53
-815.94,137.84,188.23,1.64,1.11
-815.94,83.92,176.89,-5.51,-0.74
-815.94,83.92,161.54,-9.73,-3.10
-815.94,83.92,146.69,-12.22,-5.05
-815.94,83.92,126.60,-11.65,-5.44
-815.94,116.97,89.17,-14.55,-4.14
815.94,116.97,49.21,-17.29,5.73
815.94,116.97,41.50,-12.57,5.12
815.94,116.97,43.55,-4.45,2.95
815.94,73.48,51.96,3.19,0.86
815.94,73.48,64.45,7.81,-2.30
815.94,73.48,80.07,10.85,-3.94
815.94,73.48,94.95,12.20,-3.67
815.94,73.48,110.99,11.22,-2.21
-815.94,111.75,127.47,12.34,3.51
-815.94,111.75,133.67,11.73,2.67
-815.94,111.75,130.95,4.03,1.81
-815.94,111.75,121.83,-3.41,0.70
-815.94,111.75,108.47,-8.19,-1.36
815.94,111.75,92.94,-11.38,-2.13
815.94,130.88,81.69,-12.82,-1.65
815.94,130.88,79.17,-8.07,0.22
815.94,130.88,83.30,-1.17,1.13
815.94,130.88,92.34,4.34,0.18
815.94,130.88,104.79,8.02,0.19
815.94,140.45,119.91,10.26,-0.03
815.94,140.45,135.57,12.23,0.82
815.94,140.45,151.16,12.45,1.44
815.94,140.45,165.93,12.24,1.29
-815.94,140.45,175.08,11.54,1.08
-815.94,145.23,172.96,6.23,1.05
-815.94,145.23,163.71,-3.06,0.18
-815.94,145.23,149.79,-8.36,-1.49
815.94,145.23,134.97,-11.34,-3.35
815.94,145.23,123.41,-12.23,-4.53
815.94,145.23,119.99,-8.31,-4.16
815.94,87.61,122.50,-2.04,-0.14
815.94,87.61,128.82,2.83,4.53
-815.94,87.61,134.19,5.70,3.43
-815.94,87.61,131.26,3.14,1.79
-815.94,87.61,122.17,-3.80,0.00
-815.94,58.80,108.88,-8.35,-1.49
-815.94,58.80,93.30,-11.36,-1.70
-815.94,58.80,78.63,-11.65,-0.61
-815.94,58.80,62.62,-11.41,1.14
815.94,58.80,47.28,-11.87,2.44
815.94,44.40,40.84,-11.61,1.85
815.94,44.40,43.15,-4.17,1.45
815.94,44.40,51.73,3.07,0.24
-815.94,44.40,63.09,7.74,-2.87
-815.94,44.40,67.78,9.03,-3.72
-815.94,44.40,65.81,2.66,-2.98
-815.94,97.20,59.64,-2.63,0.74
815.94,97.20,52.13,-5.69,2.95
815.94,97.20,52.25,-5.33,2.17
815.94,97.20,59.14,1.72,0.44
815.94,97.20,70.54,6.65,-1.59
815.94,63.60,85.71,10.06,-1.99
-815.94,63.60,100.75,12.06,-2.22
-815.94,63.60,110.16,11.57,-1.17
-815.94,63.60,110.63,6.67,1.60
-815.94,63.60,104.66,-0.38,2.30
-815.94,63.60,94.21,-5.53,0.51
-815.94,106.81,80.90,-8.72,0.44
-815.94,106.81,65.41,-11.47,0.67
815.94,106.81,52.05,-12.38,1.49
815.94,106.81,48.67,-10.02,1.61
815.94,106.81,53.16,-1.74,0.87
815.94,68.40,63.13,4.76,-0.91
815.94,68.40,76.57,8.74,-2.95
815.94,68.40,92.13,11.28,-3.27
-815.94,68.40,106.72,12.16,-2.74
-815.94,68.40,116.62,11.57,0.80
-815.94,109.21,116.92,6.95,3.19
-815.94,109.21,110.55,-0.58,1.64
-815.94,109.21,99.53,-5.83,-0.32
-815.94,109.21,84.72,-9.32,0.21
815.94,109.21,71.09,-12.14,0.60
815.94,109.21,66.72,-10.29,0.73
815.94,129.61,69.85,-2.63,1.03
815.94,129.61,78.44,3.61,-0.46
815.94,129.61,90.92,7.70,-1.00
815.94,129.61,106.53,10.49,-0.76
815.94,129.61,121.39,12.61,-0.22
815.94,79.80,135.38,10.93,0.38
-815.94,79.80,149.92,11.70,1.55
-815.94,79.80,156.09,11.56,1.36
-815.94,79.80,152.73,4.05,0.78
-815.94,79.80,142.67,-3.99,0.18
-815.94,54.90,127.68,-8.62,-1.36
-815.94,54.90,112.75,-11.95,-2.51
-815.94,54.90,94.67,-11.53,-3.41
-815.94,54.90,71.47,-13.18,-0.56
-815.94,54.90,51.03,-14.56,3.36
-815.94,42.44,35.69,-12.81,3.41
-815.94,42.44,20.86,-11.11,2.71
815.94,42.44,5.22,-12.58,2.72
815.94,42.44,-2.93,-11.94,1.87
815.94,42.44,-1.18,-5.46,0.83
815.94,96.23,6.85,2.66,-1.32
815.94,96.23,18.80,7.25,-4.93
815.94,96.23,34.21,10.03,-5.69
815.94,96.23,49.20,12.53,-5.75
815.94,96.23,66.05,11.42,-4.99
815.94,63.11,100.44,12.76,-2.19
-815.94,63.11,131.26,17.31,4.98
-815.94,63.11,139.91,11.05,3.54
-815.94,63.11,138.48,3.07,1.87
-815.94,46.55,130.39,-4.12,0.11
-815.94,46.55,117.93,-8.44,-1.67
-815.94,46.55,102.63,-11.49,-1.06
-815.94,46.55,88.05,-11.86,-0.32
-815.94,46.55,72.00,-11.27,0.97
-815.94,98.28,57.11,-11.73,2.06
-815.94,98.28,41.97,-11.37,1.58
-815.94,98.28,26.37,-12.05,2.15
815.94,98.28,11.52,-12.34,1.98
815.94,98.28,5.36,-11.65,1.62
815.94,98.28,8.01,-3.92,0.75
815.94,64.14,16.72,3.33,-1.16
815.94,64.14,29.28,7.81,-4.55
815.94,64.14,44.80,10.45,-5.50
815.94,64.14,59.62,12.44,-5.77
815.94,64.14,76.94,11.13,-4.81
815.94,107.08,114.75,13.71,-1.33
-815.94,107.08,138.06,17.11,6.21
-815.94,107.08,142.23,10.35,4.13
-815.94,107.08,138.29,2.40,1.86
-815.94,68.53,128.76,-4.30,0.14
-815.94,68.53,115.29,-8.44,-1.18
-815.94,68.53,99.90,-11.40,-0.98
-815.94,68.53,85.34,-11.54,0.37
-815.94,68.53,70.81,-11.71,0.83
-815.94,109.27,55.97,-10.88,1.83
815.94,109.27,42.28,-11.63,1.79
815.94,109.27,38.49,-10.58,1.85
815.94,109.27,43.17,-1.94,1.30
815.94,109.27,53.40,4.95,-0.56
815.94,109.27,67.09,8.98,-3.61
815.94,129.64,82.53,11.49,-4.66
815.94,129.64,97.72,12.13,-5.06
815.94,129.64,118.96,11.83,-3.20
815.94,129.64,145.75,14.66,5.01
815.94,139.83,164.70,14.47,4.95
-815.94,139.83,178.27,12.28,2.72
-815.94,139.83,180.84,10.13,1.87
-815.94,139.83,175.12,0.49,1.00
-815.94,139.83,163.46,-6.04,-0.57
-815.94,144.92,148.06,-10.34,-2.74
-815.94,144.92,133.18,-11.53,-3.66
815.94,144.92,116.10,-12.04,-4.30
815.94,144.92,106.23,-12.65,-0.73
815.94,144.92,105.36,-6.99,3.65
815.94,87.46,110.69,0.19,3.14
815.94,87.46,120.58,5.29,0.82
815.94,87.46,133.48,8.67,-0.17
-815.94,87.46,145.81,10.70,0.04
-815.94,87.46,148.00,9.20,0.68
-815.94,87.46,142.82,0.76,0.57
-815.94,118.73,132.32,-5.27,-0.50
-815.94,118.73,117.48,-8.86,-0.71
-815.94,118.73,102.23,-11.81,-0.27
-815.94,118.73,87.52,-11.87,0.50
815.94,118.73,75.77,-11.04,1.12
815.94,134.37,74.51,-8.59,1.34
815.94,134.37,80.82,-0.09,0.79
815.94,134.37,91.77,5.84,-1.23
815.94,134.37,106.70,9.23,-2.02
815.94,134.37,121.69,12.31,-2.30
815.94,82.18,136.59,11.15,-1.62
-815.94,82.18,152.45,11.90,2.47
-815.94,82.18,162.71,11.97,2.07
-815.94,82.18,162.24,7.05,1.71
-815.94,82.18,154.38,-1.30,0.71
-815.94,82.18,141.82,-7.19,-0.81
-815.94,56.09,126.53,-10.52,-2.34
-815.94,56.09,111.53,-11.55,-2.14
-815.94,56.09,92.83,-11.86,-0.38
-815.94,56.09,75.31,-13.26,2.59
-815.94,103.05,59.97,-12.12,2.94
-815.94,103.05,45.25,-10.95,2.11
-815.94,103.05,29.45,-11.96,2.34
815.94,103.05,15.85,-12.97,1.97
815.94,103.05,12.24,-10.29,1.07
815.94,103.05,16.49,-1.90,-0.27
815.94,126.53,25.97,4.52,-2.88
815.94,126.53,39.05,8.39,-5.12
815.94,126.53,54.67,10.94,-5.27
815.94,126.53,69.48,12.33,-5.44
815.94,126.53,88.71,11.51,-4.14
815.94,78.26,123.21,15.56,0.86
815.94,78.26,158.29,16.84,6.24
-815.94,78.26,177.29,16.72,2.46
-815.94,78.26,181.86,11.05,2.34
-815.94,114.14,177.67,1.76,1.03
-815.94,114.14,167.23,-5.14,-0.22
-815.94,114.14,152.26,-9.51,-2.25
-815.94,114.14,137.34,-12.06,-3.20
-815.94,114.14,120.02,-11.11,-2.60
-815.94,72.07,99.34,-13.41,1.04
-815.94,72.07,81.13,-13.87,2.98
-815.94,72.07,65.69,-12.51,2.59
-815.94,72.07,50.53,-10.97,2.94
-815.94,72.07,34.84,-12.26,2.44
815.94,51.03,25.92,-12.82,1.72
815.94,51.03,26.74,-5.98,0.94
815.94,51.03,33.97,1.83,-1.11
815.94,51.03,45.35,6.69,-4.37
815.94,51.03,60.24,9.57,-5.53
-815.94,40.51,71.17,12.10,-5.34
-815.94,40.51,73.54,7.80,-4.78
-815.94,40.51,70.86,1.17,0.47
-815.94,40.51,65.45,-2.78,5.62
-815.94,40.51,58.01,-4.83,4.63
-815.94,35.25,49.07,-6.43,2.89
-815.94,35.25,38.97,-7.65,1.73
-815.94,35.25,27.83,-8.54,1.34
-815.94,35.25,15.81,-9.33,0.80
815.94,35.25,8.25,-9.70,0.65
815.94,35.25,9.54,-5.35,-0.01
815.94,92.63,16.78,1.78,-2.36
815.94,92.63,28.21,6.50,-3.44
815.94,92.63,43.47,9.59,-3.31
815.94,92.63,58.25,12.47,-3.76
815.94,92.63,74.84,11.22,-3.65
815.94,61.31,108.53,12.79,-2.47
-815.94,61.31,124.35,16.07,1.31
-815.94,61.31,129.72,10.57,5.14
-815.94,61.31,127.84,3.57,4.54
-815.94,61.31,120.63,-2.53,1.73
-815.94,105.66,109.77,-6.52,0.54
-815.94,105.66,96.04,-8.96,0.92
-815.94,105.66,81.26,-11.21,1.41
-815.94,105.66,66.14,-11.80,1.56
-815.94,105.66,51.20,-12.02,1.63
815.94,67.83,42.63,-11.63,1.71
815.94,67.83,44.27,-5.76,1.36
815.94,67.83,52.45,2.59,-0.28
815.94,67.83,64.73,7.40,-3.37
-815.94,67.83,80.32,10.31,-4.72
-815.94,48.91,90.46,12.40,-5.49
-815.94,48.91,92.19,7.22,-3.94
-815.94,48.91,88.85,0.66,1.93
-815.94,48.91,82.17,-3.43,5.33
-815.94,48.91,73.16,-5.92,3.79
-815.94,48.91,62.72,-7.70,2.15
-815.94,39.45,51.27,-8.86,1.58
-815.94,39.45,39.35,-9.54,1.46
-815.94,39.45,26.99,-9.97,1.17
815.94,39.45,13.89,-9.98,0.91
815.94,39.45,8.07,-10.54,0.63
815.94,94.73,10.29,-3.77,-0.14
815.94,94.73,18.19,2.90,-2.81
815.94,94.73,30.18,7.16,-4.06
815.94,94.73,45.51,10.03,-4.28
815.94,94.73,60.61,12.42,-4.45
815.94,122.37,78.37,11.66,-3.86
815.94,122.37,108.50,13.33,-0.70
815.94,122.37,129.16,17.15,4.14
-815.94,122.37,160.20,16.61,3.90
-815.94,76.18,164.74,10.80,2.34
-815.94,76.18,160.39,1.70,1.00
-815.94,76.18,149.87,-5.26,-0.16
-815.94,76.18,134.84,-9.57,-1.92
-815.94,76.18,120.02,-12.03,-2.47
-815.94,53.09,102.72,-11.23,-2.37
-815.94,53.09,82.36,-12.99,1.59
-815.94,53.09,64.70,-13.57,3.32
-815.94,53.09,49.30,-11.81,2.20
-815.94,53.09,34.10,-11.62,2.77
-815.94,41.54,18.52,-12.25,2.18
-815.94,41.54,3.13,-12.88,1.52
815.94,41.54,-5.83,-11.91,0.94
815.94,41.54,-5.80,-6.20,-0.02
815.94,41.54,0.44,0.78,-2.39
815.94,35.77,11.01,5.69,-4.88
815.94,35.77,24.88,8.89,-4.65
815.94,35.77,40.42,11.99,-4.93
815.94,35.77,56.12,11.81,-4.72
-815.94,35.77,72.43,12.68,-2.75
-815.94,32.88,79.77,11.88,-0.12
-815.94,32.88,80.04,5.23,4.06
-815.94,32.88,75.86,-0.39,5.99
-815.94,32.88,68.45,-3.87,3.64
-815.94,32.88,58.97,-6.43,1.89
-815.94,32.88,48.18,-8.06,1.53
-815.94,31.44,36.69,-9.11,1.25
-815.94,31.44,24.61,-9.67,1.12
-815.94,31.44,11.76,-10.08,0.93
-815.94,31.44,-1.63,-10.25,0.51
815.94,31.44,-12.93,-10.78,0.42
815.94,90.73,-14.97,-8.35,0.12
815.94,90.73,-10.61,-0.81,-1.97
815.94,90.73,-1.19,4.59,-3.60
815.94,90.73,11.83,8.31,-3.24
815.94,90.73,27.36,10.90,-3.48
815.94,120.37,42.67,12.41,-3.77
815.94,120.37,62.75,11.45,-3.96
815.94,120.37,95.69,15.74,-0.38
815.94,120.37,123.77,16.69,3.00
815.94,75.18,152.41,16.70,5.95
-815.94,75.18,170.81,15.27,3.37
-815.94,75.18,180.76,12.35,2.01
-815.94,75.18,179.07,6.12,1.30
-815.94,75.18,170.14,-2.82,0.45
-815.94,112.60,156.60,-8.09,-1.26
-815.94,112.60,141.47,-11.03,-2.97
-815.94,112.60,124.40,-11.96,-4.18
-815.94,112.60,97.39,-12.87,-2.97
-815.94,112.60,70.76,-15.73,4.29
-815.94,71.29,53.49,-14.29,3.44
815.94,71.29,38.78,-11.85,3.65
815.94,71.29,32.35,-11.51,2.79
815.94,71.29,35.08,-4.09,1.88
815.94,71.29,43.92,3.42,-0.65
815.94,110.65,56.58,7.91,-4.14
815.94,110.65,72.17,10.55,-5.50
815.94,110.65,86.61,12.41,-5.82
815.94,110.65,104.36,11.11,-4.17
815.94,110.65,128.60,13.78,2.05
-815.94,70.32,141.92,14.85,5.65
-815.94,70.32,144.41,9.42,3.90
-815.94,70.32,139.45,1.03,1.92
-815.94,70.32,129.18,-5.05,0.03
-815.94,70.32,115.25,-9.06,-1.45
-815.94,110.17,100.18,-11.29,-1.30
-815.94,110.17,85.52,-11.77,0.63
-815.94,110.17,70.85,-11.29,0.94
-815.94,110.17,56.00,-11.32,2.07
815.94,110.17,43.80,-11.77,1.65
815.94,130.09,41.97,-9.02,1.91
815.94,130.09,47.55,-0.45,1.09
815.94,130.09,58.28,5.61,-1.19
815.94,130.09,72.23,9.35,-4.03
815.94,130.09,87.57,11.71,-4.91
815.94,130.09,102.97,11.47,-5.43
815.94,140.05,125.37,12.56,-1.87
815.94,140.05,149.60,15.07,4.77
815.94,140.05,167.64,14.59,4.02
815.94,140.05,182.36,12.11,3.01
-815.94,85.02,193.66,11.50,1.86
-815.94,85.02,192.99,7.95,1.54
-815.94,85.02,184.50,-1.57,0.71
-815.94,85.02,171.19,-7.67,-1.28
-815.94,85.02,155.87,-11.27,-3.67
-815.94,117.52,139.48,-11.64,-5.16
-815.94,117.52,104.78,-12.35,-4.58
-815.94,117.52,71.67,-16.78,5.58
-815.94,117.52,54.30,-14.64,3.94
815.94,133.77,42.08,-11.88,3.75
815.94,133.77,40.65,-8.80,2.74
815.94,133.77,46.43,-0.08,0.99
815.94,133.77,57.24,5.76,-1.92
815.94,133.77,71.16,9.38,-5.07
815.94,141.89,86.67,11.75,-5.64
815.94,141.89,101.68,11.55,-5.22
815.94,141.89,123.10,12.24,-1.71
815.94,141.89,145.83,14.42,4.76
815.94,141.89,163.01,14.26,4.02
815.94,145.95,177.98,12.00,2.88
815.94,145.95,193.70,11.76,2.02
-815.94,145.95,206.03,12.32,1.62
-815.94,145.95,206.81,9.11,1.49
-815.94,145.95,199.33,-0.44,0.82
-815.94,147.98,186.65,-6.86,-1.54
-815.94,147.98,171.02,-10.81,-4.60
-815.94,147.98,155.70,-11.77,-5.58
-815.94,147.98,132.12,-12.18,-5.76
815.94,147.98,108.57,-15.19,-1.10
815.94,149.00,102.12,-10.96,4.92
815.94,149.00,103.61,-4.06,6.15
815.94,149.00,110.84,2.56,3.65
815.94,149.00,121.98,6.79,1.05
815.94,149.00,135.72,9.77,-0.76
815.94,89.49,151.16,11.53,-0.29
-815.94,89.49,166.88,12.16,0.33
-815.94,89.49,174.89,12.19,0.68
-815.94,89.49,172.35,5.22,0.76
-815.94,89.49,162.99,-3.37,0.26
-815.94,59.74,149.26,-8.40,-0.80
-815.94,59.74,134.24,-11.66,-1.89
-815.94,59.74,117.55,-11.01,-2.79
-815.94,59.74,95.81,-13.08,-1.20
-815.94,59.74,75.85,-14.29,2.92
-815.94,104.88,60.50,-12.72,3.30
-815.94,104.88,45.07,-11.08,2.36
-815.94,104.88,29.31,-11.93,2.64
815.94,104.88,20.24,-12.81,2.07
815.94,104.88,21.51,-6.09,1.08
815.94,67.44,29.35,1.92,-0.87
815.94,67.44,41.17,7.05,-4.34
815.94,67.44,56.50,9.90,-5.62
815.94,67.44,71.25,12.40,-5.85
815.94,67.44,88.28,11.34,-5.28
815.94,108.72,112.67,12.84,-2.46
-815.94,108.72,126.73,15.13,2.97
-815.94,108.72,131.22,10.17,6.41
-815.94,108.72,128.33,2.83,3.64
-815.94,108.72,120.08,-3.38,1.01
-815.94,129.37,108.16,-7.40,0.06
-815.94,129.37,93.34,-9.95,0.32
815.94,129.37,84.13,-11.79,1.01
815.94,129.37,84.30,-6.34,1.34
815.94,129.37,91.06,0.94,0.59
815.94,129.37,102.34,6.16,-1.26
815.94,139.69,117.49,9.51,-1.68
815.94,139.69,132.28,12.37,-1.41
815.94,139.69,146.71,11.16,-0.18
-815.94,139.69,161.53,11.18,1.87
-815.94,139.69,170.07,11.79,1.85
-815.94,144.85,168.18,5.68,1.18
-815.94,144.85,159.39,-2.82,0.38
-815.94,144.85,146.06,-7.99,-1.36
-815.94,144.85,130.81,-11.30,-2.53
815.94,144.85,118.45,-11.55,-2.86
815.94,87.42,114.21,-9.66,-1.35
815.94,87.42,116.39,-2.67,1.86
815.94,87.42,123.68,2.73,1.79
-815.94,87.42,130.06,6.64,0.33
-815.94,87.42,128.58,4.10,0.39
-815.94,87.42,121.17,-2.51,0.00
-815.94,118.72,109.60,-7.01,-0.01
-815.94,118.72,94.50,-10.18,-0.16
815.94,118.72,82.91,-11.54,0.06
815.94,118.72,80.84,-8.67,0.96
815.94,118.72,85.74,-0.74,0.81
815.94,74.35,95.67,5.05,-1.24
